Estacion,Fecha,Tmax,Tmin
Carrasco ,1/1/2013 0:00,22.8,15.2
Carrasco ,1/2/2013 0:00,19.6,12.5
Carrasco ,1/3/2013 0:00,25,10.2
Carrasco ,1/4/2013 0:00,29.3,17.2
Carrasco ,1/5/2013 0:00,32.5,19.5
Carrasco ,1/6/2013 0:00,29,20
Carrasco ,1/7/2013 0:00,31,19
Carrasco ,1/8/2013 0:00,26.9,22
Carrasco ,1/9/2013 0:00,27.4,17.5
Carrasco ,1/10/2013 0:00,28,14.8
Carrasco ,1/11/2013 0:00,30.2,15.4
Carrasco ,1/12/2013 0:00,29.8,17
Carrasco ,1/13/2013 0:00,28.4,18
Carrasco ,1/14/2013 0:00,26.8,16.8
Carrasco ,1/15/2013 0:00,27.4,18
Carrasco ,1/16/2013 0:00,29.6,18
Carrasco ,1/17/2013 0:00,25.8,20.5
Carrasco ,1/18/2013 0:00,27.6,18.5
Carrasco ,1/19/2013 0:00,24,19.5
Carrasco ,1/20/2013 0:00,24.4,15
Carrasco ,1/21/2013 0:00,25,15.2
Carrasco ,1/22/2013 0:00,27.7,17
Carrasco ,1/23/2013 0:00,30.4,20.4
Carrasco ,1/24/2013 0:00,32,18.6
Carrasco ,1/25/2013 0:00,20.8,16.9
Carrasco ,1/26/2013 0:00,25.7,11
Carrasco ,1/27/2013 0:00,30,13.5
Carrasco ,1/28/2013 0:00,33.6,18.4
Carrasco ,1/29/2013 0:00,33.8,20
Carrasco ,1/30/2013 0:00,29.2,20.5
Carrasco ,1/31/2013 0:00,27.8,22.5
Carrasco ,2/1/2013 0:00,34.6,21.6
Carrasco ,2/2/2013 0:00,26.8,20
Carrasco ,2/3/2013 0:00,21.6,17.2
Carrasco ,2/4/2013 0:00,23.2,9.9
Carrasco ,2/5/2013 0:00,27.3,13.6
Carrasco ,2/6/2013 0:00,28,15
Carrasco ,2/7/2013 0:00,26.4,16.6
Carrasco ,2/8/2013 0:00,28,16.5
Carrasco ,2/9/2013 0:00,27.2,18.5
Carrasco ,2/10/2013 0:00,30.2,21.2
Carrasco ,2/11/2013 0:00,27,21.2
Carrasco ,2/12/2013 0:00,31.8,20.2
Carrasco ,2/13/2013 0:00,30,20.2
Carrasco ,2/14/2013 0:00,28.2,20
Carrasco ,2/15/2013 0:00,28,19
Carrasco ,2/16/2013 0:00,32,20
Carrasco ,2/17/2013 0:00,29.8,21.4
Carrasco ,2/18/2013 0:00,22.6,19
Carrasco ,2/19/2013 0:00,23,15.6
Carrasco ,2/20/2013 0:00,23.3,18.2
Carrasco ,2/21/2013 0:00,22.4,18
Carrasco ,2/22/2013 0:00,24.8,15.5
Carrasco ,2/23/2013 0:00,29,16
Carrasco ,2/24/2013 0:00,24.8,19.6
Carrasco ,2/25/2013 0:00,21,18.4
Carrasco ,2/26/2013 0:00,20,15.8
Carrasco ,2/27/2013 0:00,21.6,11.7
Carrasco ,2/28/2013 0:00,21.2,10.6
Carrasco ,3/1/2013 0:00,28.2,12.6
Carrasco ,3/2/2013 0:00,25.2,18
Carrasco ,3/3/2013 0:00,21.2,15.5
Carrasco ,3/4/2013 0:00,19.7,15.5
Carrasco ,3/5/2013 0:00,22,11.2
Carrasco ,3/6/2013 0:00,27,11.6
Carrasco ,3/7/2013 0:00,26.7,15.4
Carrasco ,3/8/2013 0:00,29,19.2
Carrasco ,3/9/2013 0:00,30.2,19
Carrasco ,3/10/2013 0:00,23.4,18.3
Carrasco ,3/11/2013 0:00,26.4,13
Carrasco ,3/12/2013 0:00,20.3,14
Carrasco ,3/13/2013 0:00,20.6,8.4
Carrasco ,3/14/2013 0:00,17.9,10
Carrasco ,3/15/2013 0:00,18.9,8
Carrasco ,3/16/2013 0:00,18.4,11.5
Carrasco ,3/17/2013 0:00,18.4,12.5
Carrasco ,3/18/2013 0:00,21,13.6
Carrasco ,3/19/2013 0:00,22,17
Carrasco ,3/20/2013 0:00,20.6,17.7
Carrasco ,3/21/2013 0:00,21.6,16.2
Carrasco ,3/22/2013 0:00,21.2,10.3
Carrasco ,3/23/2013 0:00,22.6,9.5
Carrasco ,3/24/2013 0:00,24.4,8.9
Carrasco ,3/25/2013 0:00,24,15
Carrasco ,3/26/2013 0:00,21.6,13.8
Carrasco ,3/27/2013 0:00,20.9,10.3
Carrasco ,3/28/2013 0:00,22.8,9.6
Carrasco ,3/29/2013 0:00,27.6,12.4
Carrasco ,3/30/2013 0:00,27.2,14.9
Carrasco ,3/31/2013 0:00,27,18.6
Carrasco ,4/1/2013 0:00,24,19.8
Carrasco ,4/2/2013 0:00,23.2,18.6
Carrasco ,4/3/2013 0:00,25.7,16.6
Carrasco ,4/4/2013 0:00,22,15.4
Carrasco ,4/5/2013 0:00,22.4,15
Carrasco ,4/6/2013 0:00,21.6,12.5
Carrasco ,4/7/2013 0:00,19.8,9.4
Carrasco ,4/8/2013 0:00,22.2,7.6
Carrasco ,4/9/2013 0:00,20.8,9.5
Carrasco ,4/10/2013 0:00,23.4,11.5
Carrasco ,4/11/2013 0:00,20,17
Carrasco ,4/12/2013 0:00,18.6,15.2
Carrasco ,4/13/2013 0:00,16.2,8.6
Carrasco ,4/14/2013 0:00,22.2,7
Carrasco ,4/15/2013 0:00,18.8,11.6
Carrasco ,4/16/2013 0:00,18,13.5
Carrasco ,4/17/2013 0:00,18.8,7.8
Carrasco ,4/18/2013 0:00,25.2,9
Carrasco ,4/19/2013 0:00,26.2,10.8
Carrasco ,4/20/2013 0:00,25.8,11
Carrasco ,4/21/2013 0:00,25.4,10.9
Carrasco ,4/22/2013 0:00,23.8,13.5
Carrasco ,4/23/2013 0:00,26,14.1
Carrasco ,4/24/2013 0:00,20.5,13.9
Carrasco ,4/25/2013 0:00,25.8,11.5
Carrasco ,4/26/2013 0:00,26.4,13
Carrasco ,4/27/2013 0:00,25.3,15
Carrasco ,4/28/2013 0:00,22,15
Carrasco ,4/29/2013 0:00,19,13
Carrasco ,4/30/2013 0:00,19,12.2
Carrasco ,5/1/2013 0:00,21,9.5
Carrasco ,5/2/2013 0:00,20.4,12.5
Carrasco ,5/3/2013 0:00,17.6,14.2
Carrasco ,5/4/2013 0:00,18,11.4
Carrasco ,5/5/2013 0:00,17.2,9.6
Carrasco ,5/6/2013 0:00,23.4,7
Carrasco ,5/7/2013 0:00,16.4,9
Carrasco ,5/8/2013 0:00,22,7.8
Carrasco ,5/9/2013 0:00,23.5,11.6
Carrasco ,5/10/2013 0:00,23.6,9.8
Carrasco ,5/11/2013 0:00,22.2,15.5
Carrasco ,5/12/2013 0:00,19,12.4
Carrasco ,5/13/2013 0:00,16.6,9.4
Carrasco ,5/14/2013 0:00,18.4,13.6
Carrasco ,5/15/2013 0:00,15.5,7
Carrasco ,5/16/2013 0:00,12.3,5.5
Carrasco ,5/17/2013 0:00,15.6,2.2
Carrasco ,5/18/2013 0:00,15.1,3
Carrasco ,5/19/2013 0:00,15.8,7.2
Carrasco ,5/20/2013 0:00,14.8,11.5
Carrasco ,5/21/2013 0:00,15,12.6
Carrasco ,5/22/2013 0:00,17.2,11.5
Carrasco ,5/23/2013 0:00,18.1,10
Carrasco ,5/24/2013 0:00,17.4,9
Carrasco ,5/25/2013 0:00,16.8,6.6
Carrasco ,5/26/2013 0:00,19.4,7.8
Carrasco ,5/27/2013 0:00,20.3,8
Carrasco ,5/28/2013 0:00,19.7,11
Carrasco ,5/29/2013 0:00,14,9
Carrasco ,5/30/2013 0:00,18,7.2
Carrasco ,5/31/2013 0:00,19.8,10.2
Carrasco ,6/1/2013 0:00,21.2,8
Carrasco ,6/2/2013 0:00,16,7
Carrasco ,6/3/2013 0:00,19.4,5.4
Carrasco ,6/4/2013 0:00,18.4,8.7
Carrasco ,6/5/2013 0:00,19.4,7.2
Carrasco ,6/6/2013 0:00,13,6.5
Carrasco ,6/7/2013 0:00,17.6,3.2
Carrasco ,6/8/2013 0:00,14.5,9
Carrasco ,6/9/2013 0:00,12.2,5.6
Carrasco ,6/10/2013 0:00,18.4,7.2
Carrasco ,6/11/2013 0:00,21.5,6.5
Carrasco ,6/12/2013 0:00,23.2,12
Carrasco ,6/13/2013 0:00,23.2,14.4
Carrasco ,6/14/2013 0:00,16.6,8.7
Carrasco ,6/15/2013 0:00,15,2
Carrasco ,6/16/2013 0:00,14.4,7.5
Carrasco ,6/17/2013 0:00,13.9,7.4
Carrasco ,6/18/2013 0:00,15,3
Carrasco ,6/19/2013 0:00,10.9,2.4
Carrasco ,6/20/2013 0:00,11.8,-1.6
Carrasco ,6/21/2013 0:00,12.8,1
Carrasco ,6/22/2013 0:00,12.4,5
Carrasco ,6/23/2013 0:00,12.6,3.8
Carrasco ,6/24/2013 0:00,12.4,0.5
Carrasco ,6/25/2013 0:00,12.7,7.2
Carrasco ,6/26/2013 0:00,12.4,4.1
Carrasco ,6/27/2013 0:00,19,6.2
Carrasco ,6/28/2013 0:00,17.4,8.2
Carrasco ,6/29/2013 0:00,15.7,5.5
Carrasco ,6/30/2013 0:00,14.2,2
Carrasco ,7/1/2013 0:00,15.2,3.5
Carrasco ,7/2/2013 0:00,19.2,5.7
Carrasco ,7/3/2013 0:00,21.6,8.2
Carrasco ,7/4/2013 0:00,16,10.8
Carrasco ,7/5/2013 0:00,16,13
Carrasco ,7/6/2013 0:00,16.6,10.6
Carrasco ,7/7/2013 0:00,11.8,8.5
Carrasco ,7/8/2013 0:00,11.5,5.6
Carrasco ,7/9/2013 0:00,17,2.8
Carrasco ,7/10/2013 0:00,15.4,11
Carrasco ,7/11/2013 0:00,20.8,12.4
Carrasco ,7/12/2013 0:00,13,7.3
Carrasco ,7/13/2013 0:00,14,7.9
Carrasco ,7/14/2013 0:00,13.2,5.2
Carrasco ,7/15/2013 0:00,14.6,1.5
Carrasco ,7/16/2013 0:00,20.8,7
Carrasco ,7/17/2013 0:00,22.3,9.4
Carrasco ,7/18/2013 0:00,16,6.3
Carrasco ,7/19/2013 0:00,9.2,2.9
Carrasco ,7/20/2013 0:00,10.3,0.4
Carrasco ,7/21/2013 0:00,7.5,1.4
Carrasco ,7/22/2013 0:00,7.4,3.7
Carrasco ,7/23/2013 0:00,9.4,2.2
Carrasco ,7/24/2013 0:00,10.6,1.1
Carrasco ,7/25/2013 0:00,14.8,1.2
Carrasco ,7/26/2013 0:00,15.9,3.6
Carrasco ,7/27/2013 0:00,19.4,9.4
Carrasco ,7/28/2013 0:00,15,5
Carrasco ,7/29/2013 0:00,17,2.6
Carrasco ,7/30/2013 0:00,16,3.4
Carrasco ,7/31/2013 0:00,21.4,11.4
Carrasco ,8/1/2013 0:00,12,9.8
Carrasco ,8/2/2013 0:00,10.2,8.2
Carrasco ,8/3/2013 0:00,10,5.8
Carrasco ,8/4/2013 0:00,15.6,5.4
Carrasco ,8/5/2013 0:00,19.6,5
Carrasco ,8/6/2013 0:00,17,5.2
Carrasco ,8/7/2013 0:00,17,9.8
Carrasco ,8/8/2013 0:00,12.8,8.2
Carrasco ,8/9/2013 0:00,11.7,3
Carrasco ,8/10/2013 0:00,14,0.1
Carrasco ,8/11/2013 0:00,15.4,2.6
Carrasco ,8/12/2013 0:00,16.7,5.5
Carrasco ,8/13/2013 0:00,9.6,6.9
Carrasco ,8/14/2013 0:00,12,1.3
Carrasco ,8/15/2013 0:00,14.8,0.8
Carrasco ,8/16/2013 0:00,14.5,4.8
Carrasco ,8/17/2013 0:00,12,3.4
Carrasco ,8/18/2013 0:00,21.4,4.2
Carrasco ,8/19/2013 0:00,23.3,9.4
Carrasco ,8/20/2013 0:00,25.2,11.4
Carrasco ,8/21/2013 0:00,19.2,13.4
Carrasco ,8/22/2013 0:00,14.8,7.2
Carrasco ,8/23/2013 0:00,8.1,4.4
Carrasco ,8/24/2013 0:00,10.2,6.4
Carrasco ,8/25/2013 0:00,9.3,4.5
Carrasco ,8/26/2013 0:00,10.4,4.8
Carrasco ,8/27/2013 0:00,13.6,4.8
Carrasco ,8/28/2013 0:00,22,7.2
Carrasco ,8/29/2013 0:00,25,9
Carrasco ,8/30/2013 0:00,25.3,12
Carrasco ,8/31/2013 0:00,25.6,10
Carrasco ,9/1/2013 0:00,21.4,10.8
Carrasco ,9/2/2013 0:00,15.6,8.4
Carrasco ,9/3/2013 0:00,11.8,8.4
Carrasco ,9/4/2013 0:00,12,4.7
Carrasco ,9/5/2013 0:00,17.2,7
Carrasco ,9/6/2013 0:00,21.8,11.4
Carrasco ,9/7/2013 0:00,18,16.2
Carrasco ,9/8/2013 0:00,20.4,12.4
Carrasco ,9/9/2013 0:00,28.2,11
Carrasco ,9/10/2013 0:00,32.1,22
Carrasco ,9/11/2013 0:00,30,19.6
Carrasco ,9/12/2013 0:00,29.2,14.8
Carrasco ,9/13/2013 0:00,14.5,9.7
Carrasco ,9/14/2013 0:00,11.2,10
Carrasco ,9/15/2013 0:00,12.8,10.4
Carrasco ,9/16/2013 0:00,12,9.2
Carrasco ,9/17/2013 0:00,8.8,6.8
Carrasco ,9/18/2013 0:00,16,3.3
Carrasco ,9/19/2013 0:00,20,4.2
Carrasco ,9/20/2013 0:00,18.9,7.4
Carrasco ,9/21/2013 0:00,15.7,6
Carrasco ,9/22/2013 0:00,12.6,9.4
Carrasco ,9/23/2013 0:00,12.6,8
Carrasco ,9/24/2013 0:00,13,8
Carrasco ,9/25/2013 0:00,13.6,8.4
Carrasco ,9/26/2013 0:00,16.4,4.4
Carrasco ,9/27/2013 0:00,19.5,9
Carrasco ,9/28/2013 0:00,15.4,12.7
Carrasco ,9/29/2013 0:00,15.6,10.8
Carrasco ,9/30/2013 0:00,15.6,7
Carrasco ,10/1/2013 0:00,15.2,6
Carrasco ,10/2/2013 0:00,16,12
Carrasco ,10/3/2013 0:00,16.2,10.4
Carrasco ,10/4/2013 0:00,16.2,11.4
Carrasco ,10/5/2013 0:00,15.6,11
Carrasco ,10/6/2013 0:00,21.6,5
Carrasco ,10/7/2013 0:00,23.5,9.2
Carrasco ,10/8/2013 0:00,24.2,11.4
Carrasco ,10/9/2013 0:00,27,14
Carrasco ,10/10/2013 0:00,22.2,13.8
Carrasco ,10/11/2013 0:00,15.4,12.4
Carrasco ,10/12/2013 0:00,18.2,13.8
Carrasco ,10/13/2013 0:00,18.2,13.8
Carrasco ,10/14/2013 0:00,22,13
Carrasco ,10/15/2013 0:00,26.6,12.2
Carrasco ,10/16/2013 0:00,26,12
Carrasco ,10/17/2013 0:00,26.8,14.2
Carrasco ,10/18/2013 0:00,18.5,13.6
Carrasco ,10/19/2013 0:00,25.4,8.8
Carrasco ,10/20/2013 0:00,20.4,15
Carrasco ,10/21/2013 0:00,16.8,11
Carrasco ,10/22/2013 0:00,18.2,4.2
Carrasco ,10/23/2013 0:00,24,13.6
Carrasco ,10/24/2013 0:00,16,10.6
Carrasco ,10/25/2013 0:00,18.2,5.6
Carrasco ,10/26/2013 0:00,20,13.7
Carrasco ,10/27/2013 0:00,18.6,10.6
Carrasco ,10/28/2013 0:00,22.2,3
Carrasco ,10/29/2013 0:00,23,11.6
Carrasco ,10/30/2013 0:00,20.6,13
Carrasco ,10/31/2013 0:00,24.2,16
Carrasco ,11/1/2013 0:00,21.4,17.5
Carrasco ,11/2/2013 0:00,19.6,14.6
Carrasco ,11/3/2013 0:00,18,13.6
Carrasco ,11/4/2013 0:00,17.9,13
Carrasco ,11/5/2013 0:00,22.8,11
Carrasco ,11/6/2013 0:00,26.6,12.8
Carrasco ,11/7/2013 0:00,27.4,15.3
Carrasco ,11/8/2013 0:00,20.8,16.6
Carrasco ,11/9/2013 0:00,19.7,15.4
Carrasco ,11/10/2013 0:00,21,16.6
Carrasco ,11/11/2013 0:00,20.4,16.8
Carrasco ,11/12/2013 0:00,27,13.8
Carrasco ,11/13/2013 0:00,26,14.2
Carrasco ,11/14/2013 0:00,33,14
Carrasco ,11/15/2013 0:00,22.7,16
Carrasco ,11/16/2013 0:00,17.9,13.1
Carrasco ,11/17/2013 0:00,26.2,10
Carrasco ,11/18/2013 0:00,26.7,15.1
Carrasco ,11/19/2013 0:00,20.7,17.1
Carrasco ,11/20/2013 0:00,19.6,18
Carrasco ,11/21/2013 0:00,20.4,15
Carrasco ,11/22/2013 0:00,23,13
Carrasco ,11/23/2013 0:00,28,15.5
Carrasco ,11/24/2013 0:00,31.2,17.6
Carrasco ,11/25/2013 0:00,26.6,19
Carrasco ,11/26/2013 0:00,19.4,16.9
Carrasco ,11/27/2013 0:00,21.6,14.8
Carrasco ,11/28/2013 0:00,25,11
Carrasco ,11/29/2013 0:00,21.4,15.6
Carrasco ,11/30/2013 0:00,29.1,12.2
Carrasco ,12/1/2013 0:00,28.6,17.2
Carrasco ,12/2/2013 0:00,32.4,19.4
Carrasco ,12/3/2013 0:00,21,14
Carrasco ,12/4/2013 0:00,31,10.8
Carrasco ,12/5/2013 0:00,20,15.8
Carrasco ,12/6/2013 0:00,20.4,13.4
Carrasco ,12/7/2013 0:00,30.8,11
Carrasco ,12/8/2013 0:00,34.4,18
Carrasco ,12/9/2013 0:00,22,18
Carrasco ,12/10/2013 0:00,20.2,16.8
Carrasco ,12/11/2013 0:00,24.4,9.8
Carrasco ,12/12/2013 0:00,26.8,13.6
Carrasco ,12/13/2013 0:00,28.5,16.3
Carrasco ,12/14/2013 0:00,31,18
Carrasco ,12/15/2013 0:00,34.6,19
Carrasco ,12/16/2013 0:00,31,20.1
Carrasco ,12/17/2013 0:00,34,19
Carrasco ,12/18/2013 0:00,31,19.6
Carrasco ,12/19/2013 0:00,26.4,19
Carrasco ,12/20/2013 0:00,26.4,18.8
Carrasco ,12/21/2013 0:00,28.4,18
Carrasco ,12/22/2013 0:00,28.9,18.4
Carrasco ,12/23/2013 0:00,31.7,19.8
Carrasco ,12/24/2013 0:00,33.4,19
Carrasco ,12/25/2013 0:00,36.6,21
Carrasco ,12/26/2013 0:00,39.8,23.4
Carrasco ,12/27/2013 0:00,30.6,22
Carrasco ,12/28/2013 0:00,33,20
Carrasco ,12/29/2013 0:00,35.2,24.2
Carrasco ,12/30/2013 0:00,37,23.2
Carrasco ,12/31/2013 0:00,28.3,20.8
Carrasco ,1/1/2014 0:00,33,20.2
Carrasco ,1/2/2014 0:00,25.5,20.8
Carrasco ,1/3/2014 0:00,22.2,16.1
Carrasco ,1/4/2014 0:00,29.5,12.2
Carrasco ,1/5/2014 0:00,30,19.6
Carrasco ,1/6/2014 0:00,35.5,18.8
Carrasco ,1/7/2014 0:00,26.6,19
Carrasco ,1/8/2014 0:00,24,18.5
Carrasco ,1/9/2014 0:00,31.8,15
Carrasco ,1/10/2014 0:00,28.6,17.6
Carrasco ,1/11/2014 0:00,22,16.6
Carrasco ,1/12/2014 0:00,22.6,16
Carrasco ,1/13/2014 0:00,25.6,16
Carrasco ,1/14/2014 0:00,25.4,16.4
Carrasco ,1/15/2014 0:00,31,18.4
Carrasco ,1/16/2014 0:00,32.4,20.2
Carrasco ,1/17/2014 0:00,34.4,22
Carrasco ,1/18/2014 0:00,36,22.8
Carrasco ,1/19/2014 0:00,27.8,22.5
Carrasco ,1/20/2014 0:00,31.6,19.6
Carrasco ,1/21/2014 0:00,27.4,20.6
Carrasco ,1/22/2014 0:00,32.3,19.6
Carrasco ,1/23/2014 0:00,31,23.6
Carrasco ,1/24/2014 0:00,22,18
Carrasco ,1/25/2014 0:00,20,15.8
Carrasco ,1/26/2014 0:00,24.5,13.8
Carrasco ,1/27/2014 0:00,26.4,19.7
Carrasco ,1/28/2014 0:00,25.4,21.3
Carrasco ,1/29/2014 0:00,24.8,21.2
Carrasco ,1/30/2014 0:00,27.2,21.4
Carrasco ,1/31/2014 0:00,32.4,20.4
Carrasco ,2/1/2014 0:00,25.3,20.6
Carrasco ,2/2/2014 0:00,24,19.6
Carrasco ,2/3/2014 0:00,21.8,18.6
Carrasco ,2/4/2014 0:00,28.6,16.8
Carrasco ,2/5/2014 0:00,35.5,21.7
Carrasco ,2/6/2014 0:00,22.2,16.6
Carrasco ,2/7/2014 0:00,24.5,18.7
Carrasco ,2/8/2014 0:00,33.6,20
Carrasco ,2/9/2014 0:00,25.5,20
Carrasco ,2/10/2014 0:00,26.4,17.4
Carrasco ,2/11/2014 0:00,32,20.5
Carrasco ,2/12/2014 0:00,25.5,19
Carrasco ,2/13/2014 0:00,24,21
Carrasco ,2/14/2014 0:00,22,14.2
Carrasco ,2/15/2014 0:00,23,15.2
Carrasco ,2/16/2014 0:00,23.7,18.2
Carrasco ,2/17/2014 0:00,29.6,18.2
Carrasco ,2/18/2014 0:00,30.4,19.5
Carrasco ,2/19/2014 0:00,26,21.2
Carrasco ,2/20/2014 0:00,27.4,20
Carrasco ,2/21/2014 0:00,27,17.8
Carrasco ,2/22/2014 0:00,24.5,20.5
Carrasco ,2/23/2014 0:00,24.6,16.2
Carrasco ,2/24/2014 0:00,26,15.2
Carrasco ,2/25/2014 0:00,22.2,18.2
Carrasco ,2/26/2014 0:00,22.4,16.2
Carrasco ,2/27/2014 0:00,22.4,16
Carrasco ,2/28/2014 0:00,23,17
Carrasco ,3/1/2014 0:00,23.4,13.6
Carrasco ,3/2/2014 0:00,23.5,15
Carrasco ,3/3/2014 0:00,23.6,15.4
Carrasco ,3/4/2014 0:00,25,18.8
Carrasco ,3/5/2014 0:00,25,16.4
Carrasco ,3/6/2014 0:00,23.6,16.4
Carrasco ,3/7/2014 0:00,22,13.4
Carrasco ,3/8/2014 0:00,26,10.4
Carrasco ,3/9/2014 0:00,25.5,13.5
Carrasco ,3/10/2014 0:00,22.2,17
Carrasco ,3/11/2014 0:00,25,11.8
Carrasco ,3/12/2014 0:00,28.6,13
Carrasco ,3/13/2014 0:00,26,14
Carrasco ,3/14/2014 0:00,28,17.6
Carrasco ,3/15/2014 0:00,24,17.6
Carrasco ,3/16/2014 0:00,28.3,14.8
Carrasco ,3/17/2014 0:00,24,17.8
Carrasco ,3/18/2014 0:00,20,15.6
Carrasco ,3/19/2014 0:00,21,13.2
Carrasco ,3/20/2014 0:00,21.7,13.4
Carrasco ,3/21/2014 0:00,19.2,11
Carrasco ,3/22/2014 0:00,17.5,10.5
Carrasco ,3/23/2014 0:00,23.6,7.5
Carrasco ,3/24/2014 0:00,25.4,9.6
Carrasco ,3/25/2014 0:00,22.6,11.8
Carrasco ,3/26/2014 0:00,27,18.3
Carrasco ,3/27/2014 0:00,27.2,17.4
Carrasco ,3/28/2014 0:00,25.5,19.2
Carrasco ,3/29/2014 0:00,28.3,16.8
Carrasco ,3/30/2014 0:00,24.6,18.2
Carrasco ,3/31/2014 0:00,20.6,17
Carrasco ,4/1/2014 0:00,22.5,15.8
Carrasco ,4/2/2014 0:00,23.4,19.4
Carrasco ,4/3/2014 0:00,28.2,18
Carrasco ,4/4/2014 0:00,27.6,19.8
Carrasco ,4/5/2014 0:00,24.1,21.2
Carrasco ,4/6/2014 0:00,24.2,20
Carrasco ,4/7/2014 0:00,24,20.2
Carrasco ,4/8/2014 0:00,24,15.5
Carrasco ,4/9/2014 0:00,21.8,13.8
Carrasco ,4/10/2014 0:00,23,11.4
Carrasco ,4/11/2014 0:00,20.7,14.6
Carrasco ,4/12/2014 0:00,18.4,9.4
Carrasco ,4/13/2014 0:00,17.8,9.2
Carrasco ,4/14/2014 0:00,18,10.2
Carrasco ,4/15/2014 0:00,21.3,8
Carrasco ,4/16/2014 0:00,23.5,10
Carrasco ,4/17/2014 0:00,25,10.8
Carrasco ,4/18/2014 0:00,18.6,11.6
Carrasco ,4/19/2014 0:00,20,8
Carrasco ,4/20/2014 0:00,20.4,12
Carrasco ,4/21/2014 0:00,21.6,10.6
Carrasco ,4/22/2014 0:00,17,12.4
Carrasco ,4/23/2014 0:00,19.8,6.2
Carrasco ,4/24/2014 0:00,19,9.2
Carrasco ,4/25/2014 0:00,17.2,11.2
Carrasco ,4/26/2014 0:00,19.2,6.5
Carrasco ,4/27/2014 0:00,22.2,11.6
Carrasco ,4/28/2014 0:00,22.5,15.2
Carrasco ,4/29/2014 0:00,20,14.8
Carrasco ,4/30/2014 0:00,20.4,16.4
Carrasco ,5/1/2014 0:00,17.6,12
Carrasco ,5/2/2014 0:00,22.3,9.8
Carrasco ,5/3/2014 0:00,19.8,12
Carrasco ,5/4/2014 0:00,20.2,14.5
Carrasco ,5/5/2014 0:00,20.6,12
Carrasco ,5/6/2014 0:00,20.2,16
Carrasco ,5/7/2014 0:00,20.4,12
Carrasco ,5/8/2014 0:00,18,13.6
Carrasco ,5/9/2014 0:00,18.3,14.2
Carrasco ,5/10/2014 0:00,20.6,7.6
Carrasco ,5/11/2014 0:00,19.6,12.8
Carrasco ,5/12/2014 0:00,17.6,14.8
Carrasco ,5/13/2014 0:00,18.6,12
Carrasco ,5/14/2014 0:00,21,10
Carrasco ,5/15/2014 0:00,19.2,13.4
Carrasco ,5/16/2014 0:00,15.4,7.6
Carrasco ,5/17/2014 0:00,15.5,8.4
Carrasco ,5/18/2014 0:00,15.2,9
Carrasco ,5/19/2014 0:00,15.4,8.2
Carrasco ,5/20/2014 0:00,15.7,6
Carrasco ,5/21/2014 0:00,14.8,11
Carrasco ,5/22/2014 0:00,15.2,11.4
Carrasco ,5/23/2014 0:00,12.2,4.4
Carrasco ,5/24/2014 0:00,15.4,3.2
Carrasco ,5/25/2014 0:00,17.2,4
Carrasco ,5/26/2014 0:00,16,5.2
Carrasco ,5/27/2014 0:00,16,1.6
Carrasco ,5/28/2014 0:00,17,1.3
Carrasco ,5/29/2014 0:00,19.4,8.4
Carrasco ,5/30/2014 0:00,16.6,10.6
Carrasco ,5/31/2014 0:00,15.4,12
Carrasco ,6/1/2014 0:00,16.8,8
Carrasco ,6/2/2014 0:00,19,6.6
Carrasco ,6/3/2014 0:00,19.7,5.4
Carrasco ,6/4/2014 0:00,17.6,10
Carrasco ,6/5/2014 0:00,15.5,10.8
Carrasco ,6/6/2014 0:00,15.4,3.4
Carrasco ,6/7/2014 0:00,15.7,7
Carrasco ,6/8/2014 0:00,16.8,5.4
Carrasco ,6/9/2014 0:00,17,7
Carrasco ,6/10/2014 0:00,20.3,5.2
Carrasco ,6/11/2014 0:00,17.8,11.2
Carrasco ,6/12/2014 0:00,25.2,14.4
Carrasco ,6/13/2014 0:00,14.2,6.5
Carrasco ,6/14/2014 0:00,14.2,3
Carrasco ,6/15/2014 0:00,17.6,2.5
Carrasco ,6/16/2014 0:00,14.4,8.6
Carrasco ,6/17/2014 0:00,13.4,3
Carrasco ,6/18/2014 0:00,11,6.2
Carrasco ,6/19/2014 0:00,12.8,2.8
Carrasco ,6/20/2014 0:00,15.6,2.5
Carrasco ,6/21/2014 0:00,17.2,4.3
Carrasco ,6/22/2014 0:00,18.4,9.2
Carrasco ,6/23/2014 0:00,15.8,11.6
Carrasco ,6/24/2014 0:00,12.6,7.5
Carrasco ,6/25/2014 0:00,12.4,8.6
Carrasco ,6/26/2014 0:00,14.4,4
Carrasco ,6/27/2014 0:00,13,3.9
Carrasco ,6/28/2014 0:00,11.6,1
Carrasco ,6/29/2014 0:00,14.6,8.6
Carrasco ,6/30/2014 0:00,13.4,10.6
Carrasco ,7/1/2014 0:00,11.8,8.4
Carrasco ,7/2/2014 0:00,13.8,7
Carrasco ,7/3/2014 0:00,18.2,7.6
Carrasco ,7/4/2014 0:00,12.8,7.6
Carrasco ,7/5/2014 0:00,17.6,12
Carrasco ,7/6/2014 0:00,11.6,6
Carrasco ,7/7/2014 0:00,14.2,5.4
Carrasco ,7/8/2014 0:00,12.6,8.6
Carrasco ,7/9/2014 0:00,14,5
Carrasco ,7/10/2014 0:00,13.6,8.4
Carrasco ,7/11/2014 0:00,18.6,6.4
Carrasco ,7/12/2014 0:00,18.8,11
Carrasco ,7/13/2014 0:00,20.2,12.3
Carrasco ,7/14/2014 0:00,22,10
Carrasco ,7/15/2014 0:00,18.8,13
Carrasco ,7/16/2014 0:00,14.8,10.4
Carrasco ,7/17/2014 0:00,13.9,11
Carrasco ,7/18/2014 0:00,14,7
Carrasco ,7/19/2014 0:00,19,5
Carrasco ,7/20/2014 0:00,21,8
Carrasco ,7/21/2014 0:00,21.8,8
Carrasco ,7/22/2014 0:00,14.3,11.6
Carrasco ,7/23/2014 0:00,13.2,9.8
Carrasco ,7/24/2014 0:00,13,4.8
Carrasco ,7/25/2014 0:00,14,1.4
Carrasco ,7/26/2014 0:00,10,2.6
Carrasco ,7/27/2014 0:00,11,0
Carrasco ,7/28/2014 0:00,14.2,2.4
Carrasco ,7/29/2014 0:00,19.2,8.8
Carrasco ,7/30/2014 0:00,18.8,10.2
Carrasco ,7/31/2014 0:00,22,10.6
Carrasco ,8/1/2014 0:00,20.2,13.6
Carrasco ,8/2/2014 0:00,23.6,12.4
Carrasco ,8/3/2014 0:00,20.4,13.4
Carrasco ,8/4/2014 0:00,15.6,6.2
Carrasco ,8/5/2014 0:00,17,3.4
Carrasco ,8/6/2014 0:00,16.2,7.4
Carrasco ,8/7/2014 0:00,16,10.6
Carrasco ,8/8/2014 0:00,16.9,4.4
Carrasco ,8/9/2014 0:00,18,4
Carrasco ,8/10/2014 0:00,15.5,10
Carrasco ,8/11/2014 0:00,13.2,4
Carrasco ,8/12/2014 0:00,15.3,1.6
Carrasco ,8/13/2014 0:00,13.8,5.8
Carrasco ,8/14/2014 0:00,18.4,2
Carrasco ,8/15/2014 0:00,19.8,2.5
Carrasco ,8/16/2014 0:00,19.6,5.6
Carrasco ,8/17/2014 0:00,22.4,6.1
Carrasco ,8/18/2014 0:00,25.2,10
Carrasco ,8/19/2014 0:00,24.2,8.6
Carrasco ,8/20/2014 0:00,25.6,11.5
Carrasco ,8/21/2014 0:00,30,13.6
Carrasco ,8/22/2014 0:00,23.6,14.5
Carrasco ,8/23/2014 0:00,25.6,13.5
Carrasco ,8/24/2014 0:00,24,12.4
Carrasco ,8/25/2014 0:00,12,8.1
Carrasco ,8/26/2014 0:00,11.4,8.6
Carrasco ,8/27/2014 0:00,9.8,6.7
Carrasco ,8/28/2014 0:00,11.6,6
Carrasco ,8/29/2014 0:00,18.2,3.3
Carrasco ,8/30/2014 0:00,18.4,5
Carrasco ,8/31/2014 0:00,17.9,10.4
Carrasco ,9/1/2014 0:00,17,10.5
Carrasco ,9/2/2014 0:00,17.2,11.8
Carrasco ,9/3/2014 0:00,20,12.6
Carrasco ,9/4/2014 0:00,21,13.6
Carrasco ,9/5/2014 0:00,21.3,14.4
Carrasco ,9/6/2014 0:00,20.4,10.8
Carrasco ,9/7/2014 0:00,20.7,8
Carrasco ,9/8/2014 0:00,24,8.4
Carrasco ,9/9/2014 0:00,24.6,10.9
Carrasco ,9/10/2014 0:00,17.2,9
Carrasco ,9/11/2014 0:00,18.8,5.8
Carrasco ,9/12/2014 0:00,19.4,5
Carrasco ,9/13/2014 0:00,15.7,12
Carrasco ,9/14/2014 0:00,15.4,14
Carrasco ,9/15/2014 0:00,15.6,11.4
Carrasco ,9/16/2014 0:00,17,5.6
Carrasco ,9/17/2014 0:00,18,8
Carrasco ,9/18/2014 0:00,20.6,8
Carrasco ,9/19/2014 0:00,20.4,14.2
Carrasco ,9/20/2014 0:00,17.4,11.2
Carrasco ,9/21/2014 0:00,17.7,12.6
Carrasco ,9/22/2014 0:00,21.4,9.6
Carrasco ,9/23/2014 0:00,20.2,12
Carrasco ,9/24/2014 0:00,22.6,9.8
Carrasco ,9/25/2014 0:00,25,9.6
Carrasco ,9/26/2014 0:00,17.8,9.4
Carrasco ,9/27/2014 0:00,18.5,5
Carrasco ,9/28/2014 0:00,21.4,10.4
Carrasco ,9/29/2014 0:00,22.3,13.6
Carrasco ,9/30/2014 0:00,22.7,9
Carrasco ,10/1/2014 0:00,15.3,10.2
Carrasco ,10/2/2014 0:00,15.4,9
Carrasco ,10/3/2014 0:00,18.8,11.5
Carrasco ,10/4/2014 0:00,19.6,14.4
Carrasco ,10/5/2014 0:00,21.6,15
Carrasco ,10/6/2014 0:00,21.8,14.8
Carrasco ,10/7/2014 0:00,23.4,12.2
Carrasco ,10/8/2014 0:00,26,13
Carrasco ,10/9/2014 0:00,23.8,15.8
Carrasco ,10/10/2014 0:00,16.5,12
Carrasco ,10/11/2014 0:00,18.2,12.8
Carrasco ,10/12/2014 0:00,19.8,11.2
Carrasco ,10/13/2014 0:00,22.6,10.4
Carrasco ,10/14/2014 0:00,25.4,11.2
Carrasco ,10/15/2014 0:00,27.6,13.4
Carrasco ,10/16/2014 0:00,25.6,17.8
Carrasco ,10/17/2014 0:00,24.4,15.5
Carrasco ,10/18/2014 0:00,21.4,16.2
Carrasco ,10/19/2014 0:00,22.2,16
Carrasco ,10/20/2014 0:00,19,13
Carrasco ,10/21/2014 0:00,27,11.8
Carrasco ,10/22/2014 0:00,30,13
Carrasco ,10/23/2014 0:00,28,14.6
Carrasco ,10/24/2014 0:00,27.5,16.6
Carrasco ,10/25/2014 0:00,26.7,17
Carrasco ,10/26/2014 0:00,31.2,16.4
Carrasco ,10/27/2014 0:00,33.1,19
Carrasco ,10/28/2014 0:00,23,18.2
Carrasco ,10/29/2014 0:00,20,15
Carrasco ,10/30/2014 0:00,22,13.7
Carrasco ,10/31/2014 0:00,20.4,11.4
Carrasco ,11/1/2014 0:00,17.8,12.6
Carrasco ,11/2/2014 0:00,17,13.8
Carrasco ,11/3/2014 0:00,18.8,13.8
Carrasco ,11/4/2014 0:00,18.8,12
Carrasco ,11/5/2014 0:00,22.4,10.2
Carrasco ,11/6/2014 0:00,23.3,10.4
Carrasco ,11/7/2014 0:00,26,13.2
Carrasco ,11/8/2014 0:00,27.7,11.5
Carrasco ,11/9/2014 0:00,24.4,11.8
Carrasco ,11/10/2014 0:00,28.9,14
Carrasco ,11/11/2014 0:00,27.4,15.2
Carrasco ,11/12/2014 0:00,23.2,15
Carrasco ,11/13/2014 0:00,19.4,12
Carrasco ,11/14/2014 0:00,26.5,8.2
Carrasco ,11/15/2014 0:00,31,15
Carrasco ,11/16/2014 0:00,22.3,17.4
Carrasco ,11/17/2014 0:00,29,11.5
Carrasco ,11/18/2014 0:00,31,16.4
Carrasco ,11/19/2014 0:00,30.6,18.6
Carrasco ,11/20/2014 0:00,22,12.8
Carrasco ,11/21/2014 0:00,20,14.6
Carrasco ,11/22/2014 0:00,20.9,14.2
Carrasco ,11/23/2014 0:00,27.9,11.6
Carrasco ,11/24/2014 0:00,22.2,13.7
Carrasco ,11/25/2014 0:00,20.2,15.6
Carrasco ,11/26/2014 0:00,21.4,12
Carrasco ,11/27/2014 0:00,26.6,8.5
Carrasco ,11/28/2014 0:00,29,12.6
Carrasco ,11/29/2014 0:00,32.1,17
Carrasco ,11/30/2014 0:00,21.8,18.2
Carrasco ,12/1/2014 0:00,20,16.6
Carrasco ,12/2/2014 0:00,18.9,12.8
Carrasco ,12/3/2014 0:00,23.8,16.2
Carrasco ,12/4/2014 0:00,29.5,13.8
Carrasco ,12/5/2014 0:00,31.4,16
Carrasco ,12/6/2014 0:00,33.2,18
Carrasco ,12/7/2014 0:00,27.8,18.5
Carrasco ,12/8/2014 0:00,26.6,14.6
Carrasco ,12/9/2014 0:00,29.7,20.2
Carrasco ,12/10/2014 0:00,23.4,16.8
Carrasco ,12/11/2014 0:00,21,16.2
Carrasco ,12/12/2014 0:00,24.1,15
Carrasco ,12/13/2014 0:00,26.2,14.9
Carrasco ,12/14/2014 0:00,22.3,17.7
Carrasco ,12/15/2014 0:00,27.4,13.9
Carrasco ,12/16/2014 0:00,24.6,18.6
Carrasco ,12/17/2014 0:00,25.6,18.4
Carrasco ,12/18/2014 0:00,27.4,17
Carrasco ,12/19/2014 0:00,33.7,18.4
Carrasco ,12/20/2014 0:00,28.2,19
Carrasco ,12/21/2014 0:00,21.6,16.1
Carrasco ,12/22/2014 0:00,20,12.2
Carrasco ,12/23/2014 0:00,24.2,10.2
Carrasco ,12/24/2014 0:00,28.4,12.2
Carrasco ,12/25/2014 0:00,32,17.9
Carrasco ,12/26/2014 0:00,31.2,18.6
Carrasco ,12/27/2014 0:00,26,18.4
Carrasco ,12/28/2014 0:00,27.2,20.6
Carrasco ,12/29/2014 0:00,31,19.7
Carrasco ,12/30/2014 0:00,28.8,24
Carrasco ,12/31/2014 0:00,30.4,20
Carrasco ,1/1/2015 0:00,25.6,16.9
Carrasco ,1/2/2015 0:00,22.6,16.5
Carrasco ,1/3/2015 0:00,29.5,14
Carrasco ,1/4/2015 0:00,21.5,18
Carrasco ,1/5/2015 0:00,32.3,14.2
Carrasco ,1/6/2015 0:00,25,20.3
Carrasco ,1/7/2015 0:00,26,19.6
Carrasco ,1/8/2015 0:00,28.7,19.5
Carrasco ,1/9/2015 0:00,29.8,22.7
Carrasco ,1/10/2015 0:00,26.7,21.1
Carrasco ,1/11/2015 0:00,30.6,21.6
Carrasco ,1/12/2015 0:00,32.6,21
Carrasco ,1/13/2015 0:00,23.6,21.2
Carrasco ,1/14/2015 0:00,25.4,19.8
Carrasco ,1/15/2015 0:00,25,21
Carrasco ,1/16/2015 0:00,30.8,18.2
Carrasco ,1/17/2015 0:00,25.6,18.8
Carrasco ,1/18/2015 0:00,29.2,15.8
Carrasco ,1/19/2015 0:00,26,18.3
Carrasco ,1/20/2015 0:00,23.2,19.2
Carrasco ,1/21/2015 0:00,24.4,12.4
Carrasco ,1/22/2015 0:00,27.3,15
Carrasco ,1/23/2015 0:00,28.8,18.1
Carrasco ,1/24/2015 0:00,27.6,19.5
Carrasco ,1/25/2015 0:00,32,19.8
Carrasco ,1/26/2015 0:00,31.4,21.8
Carrasco ,1/27/2015 0:00,35.2,22.8
Carrasco ,1/28/2015 0:00,25,19.4
Carrasco ,1/29/2015 0:00,22.8,17.8
Carrasco ,1/30/2015 0:00,22.3,13.2
Carrasco ,1/31/2015 0:00,26,14
Carrasco ,2/1/2015 0:00,27,17.6
Carrasco ,2/2/2015 0:00,26.2,19.5
Carrasco ,2/3/2015 0:00,26.2,19
Carrasco ,2/4/2015 0:00,28,20.8
Carrasco ,2/5/2015 0:00,29.8,19.8
Carrasco ,2/6/2015 0:00,26.4,18.5
Carrasco ,2/7/2015 0:00,26.8,17.4
Carrasco ,2/8/2015 0:00,30,17.6
Carrasco ,2/9/2015 0:00,30,21.8
Carrasco ,2/10/2015 0:00,25.2,21
Carrasco ,2/11/2015 0:00,30.5,16
Carrasco ,2/12/2015 0:00,32.4,17.2
Carrasco ,2/13/2015 0:00,23.5,18
Carrasco ,2/14/2015 0:00,24,15.8
Carrasco ,2/15/2015 0:00,26.6,17.3
Carrasco ,2/16/2015 0:00,26.2,18
Carrasco ,2/17/2015 0:00,28.8,17.8
Carrasco ,2/18/2015 0:00,31.2,18.2
Carrasco ,2/19/2015 0:00,24,18.6
Carrasco ,2/20/2015 0:00,23.3,18.6
Carrasco ,2/21/2015 0:00,24.4,18.9
Carrasco ,2/22/2015 0:00,28.8,18.4
Carrasco ,2/23/2015 0:00,29,20
Carrasco ,2/24/2015 0:00,32.4,20.8
Carrasco ,2/25/2015 0:00,27,20.6
Carrasco ,2/26/2015 0:00,26.6,22.2
Carrasco ,2/27/2015 0:00,25,18
Carrasco ,2/28/2015 0:00,23.7,12.2
Carrasco ,3/1/2015 0:00,28.8,17.8
Carrasco ,3/2/2015 0:00,31.1,19.4
Carrasco ,3/3/2015 0:00,29.8,19.4
Carrasco ,3/4/2015 0:00,27.3,20
Carrasco ,3/5/2015 0:00,25.2,20.4
Carrasco ,3/6/2015 0:00,27.8,16.6
Carrasco ,3/7/2015 0:00,29.5,17.1
Carrasco ,3/8/2015 0:00,29,17.8
Carrasco ,3/9/2015 0:00,29.2,20.2
Carrasco ,3/10/2015 0:00,28.2,21.2
Carrasco ,3/11/2015 0:00,27.6,19
Carrasco ,3/12/2015 0:00,28.7,17
Carrasco ,3/13/2015 0:00,31.8,18
Carrasco ,3/14/2015 0:00,30.2,19.3
Carrasco ,3/15/2015 0:00,26,21
Carrasco ,3/16/2015 0:00,25.8,15
Carrasco ,3/17/2015 0:00,30.2,17.8
Carrasco ,3/18/2015 0:00,28.5,17.6
Carrasco ,3/19/2015 0:00,28.6,17
Carrasco ,3/20/2015 0:00,30.8,19.4
Carrasco ,3/21/2015 0:00,22.3,16.2
Carrasco ,3/22/2015 0:00,20.8,16.6
Carrasco ,3/23/2015 0:00,21,12
Carrasco ,3/24/2015 0:00,21.8,11
Carrasco ,3/25/2015 0:00,19.7,16
Carrasco ,3/26/2015 0:00,21.3,16.6
Carrasco ,3/27/2015 0:00,21.8,17
Carrasco ,3/28/2015 0:00,22,10
Carrasco ,3/29/2015 0:00,27.8,14.8
Carrasco ,3/30/2015 0:00,26.8,16.5
Carrasco ,3/31/2015 0:00,23.5,16.5
Carrasco ,4/1/2015 0:00,25.4,11.3
Carrasco ,4/2/2015 0:00,30.8,12.2
Carrasco ,4/3/2015 0:00,32.2,14.4
Carrasco ,4/4/2015 0:00,23,19
Carrasco ,4/5/2015 0:00,23.3,16.2
Carrasco ,4/6/2015 0:00,20.8,15.7
Carrasco ,4/7/2015 0:00,22.4,10.4
Carrasco ,4/8/2015 0:00,25.4,12.8
Carrasco ,4/9/2015 0:00,27.9,15.4
Carrasco ,4/10/2015 0:00,29,14.7
Carrasco ,4/11/2015 0:00,22,17
Carrasco ,4/12/2015 0:00,22.3,10
Carrasco ,4/13/2015 0:00,30,14.9
Carrasco ,4/14/2015 0:00,27.6,16.2
Carrasco ,4/15/2015 0:00,23.5,19.4
Carrasco ,4/16/2015 0:00,26.4,18.6
Carrasco ,4/17/2015 0:00,21,14
Carrasco ,4/18/2015 0:00,22.7,12.3
Carrasco ,4/19/2015 0:00,26.5,11.4
Carrasco ,4/20/2015 0:00,21.8,15.3
Carrasco ,4/21/2015 0:00,20.8,9
Carrasco ,4/22/2015 0:00,22.4,9.4
Carrasco ,4/23/2015 0:00,25,9.8
Carrasco ,4/24/2015 0:00,25.2,9
Carrasco ,4/25/2015 0:00,27.4,13
Carrasco ,4/26/2015 0:00,27.8,12.5
Carrasco ,4/27/2015 0:00,24.2,13.1
Carrasco ,4/28/2015 0:00,20.6,16.2
Carrasco ,4/29/2015 0:00,20.8,14
Carrasco ,4/30/2015 0:00,19,13.8
Carrasco ,5/1/2015 0:00,23.4,13.6
Carrasco ,5/2/2015 0:00,19.4,16
Carrasco ,5/3/2015 0:00,16.7,9.3
Carrasco ,5/4/2015 0:00,18.1,4.1
Carrasco ,5/5/2015 0:00,21.4,7.4
Carrasco ,5/6/2015 0:00,16.2,10
Carrasco ,5/7/2015 0:00,15.4,11.6
Carrasco ,5/8/2015 0:00,20.9,8.3
Carrasco ,5/9/2015 0:00,19.4,8.3
Carrasco ,5/10/2015 0:00,19,12.6
Carrasco ,5/11/2015 0:00,19,14.7
Carrasco ,5/12/2015 0:00,20.4,10.6
Carrasco ,5/13/2015 0:00,20.8,12.2
Carrasco ,5/14/2015 0:00,23.8,12.8
Carrasco ,5/15/2015 0:00,23.8,14
Carrasco ,5/16/2015 0:00,27.6,14.6
Carrasco ,5/17/2015 0:00,27.4,15.7
Carrasco ,5/18/2015 0:00,27.4,16
Carrasco ,5/19/2015 0:00,25.4,15.6
Carrasco ,5/20/2015 0:00,26.7,15.1
Carrasco ,5/21/2015 0:00,28,16
Carrasco ,5/22/2015 0:00,27.8,18.6
Carrasco ,5/23/2015 0:00,21,16.2
Carrasco ,5/24/2015 0:00,17.3,8.5
Carrasco ,5/25/2015 0:00,18.4,5.6
Carrasco ,5/26/2015 0:00,17.3,6.4
Carrasco ,5/27/2015 0:00,18,13.6
Carrasco ,5/28/2015 0:00,17,11
Carrasco ,5/29/2015 0:00,18.8,4.5
Carrasco ,5/30/2015 0:00,17.4,7.1
Carrasco ,5/31/2015 0:00,18.6,8
Carrasco ,6/1/2015 0:00,25,9.8
Carrasco ,6/2/2015 0:00,21.2,8.4
Carrasco ,6/3/2015 0:00,21.2,11.5
Carrasco ,6/4/2015 0:00,20.8,8.5
Carrasco ,6/5/2015 0:00,25.6,13.5
Carrasco ,6/6/2015 0:00,25.8,15
Carrasco ,6/7/2015 0:00,19.4,10.3
Carrasco ,6/8/2015 0:00,17.2,7.5
Carrasco ,6/9/2015 0:00,15.3,11
Carrasco ,6/10/2015 0:00,15.2,6.2
Carrasco ,6/11/2015 0:00,14,5
Carrasco ,6/12/2015 0:00,17.2,0.8
Carrasco ,6/13/2015 0:00,16.8,2.6
Carrasco ,6/14/2015 0:00,15.2,5.6
Carrasco ,6/15/2015 0:00,15.3,3
Carrasco ,6/16/2015 0:00,21.4,6
Carrasco ,6/17/2015 0:00,15.4,5.8
Carrasco ,6/18/2015 0:00,11.8,3.2
Carrasco ,6/19/2015 0:00,12.2,-1.8
Carrasco ,6/20/2015 0:00,14.6,0.6
Carrasco ,6/21/2015 0:00,16.6,3.5
Carrasco ,6/22/2015 0:00,12.2,4.2
Carrasco ,6/23/2015 0:00,12.4,6.2
Carrasco ,6/24/2015 0:00,17.2,3
Carrasco ,6/25/2015 0:00,21.4,10
Carrasco ,6/26/2015 0:00,22.8,12.2
Carrasco ,6/27/2015 0:00,24.4,12.8
Carrasco ,6/28/2015 0:00,24.5,16
Carrasco ,6/29/2015 0:00,17.4,13.8
Carrasco ,6/30/2015 0:00,17.3,10.6
Carrasco ,7/1/2015 0:00,12.4,8.8
Carrasco ,7/2/2015 0:00,16.2,5.8
Carrasco ,7/3/2015 0:00,15.9,7.6
Carrasco ,7/4/2015 0:00,12,3.8
Carrasco ,7/5/2015 0:00,14.6,0.4
Carrasco ,7/6/2015 0:00,15.8,5.8
Carrasco ,7/7/2015 0:00,16.2,0.7
Carrasco ,7/8/2015 0:00,17.5,1.4
Carrasco ,7/9/2015 0:00,17.4,3
Carrasco ,7/10/2015 0:00,18.4,8
Carrasco ,7/11/2015 0:00,13.9,11.2
Carrasco ,7/12/2015 0:00,20.8,10.7
Carrasco ,7/13/2015 0:00,17.4,9
Carrasco ,7/14/2015 0:00,13.4,5.6
Carrasco ,7/15/2015 0:00,14.2,0.7
Carrasco ,7/16/2015 0:00,13.7,0.8
Carrasco ,7/17/2015 0:00,18.5,1.5
Carrasco ,7/18/2015 0:00,16.9,9.8
Carrasco ,7/19/2015 0:00,17,10
Carrasco ,7/20/2015 0:00,11.8,8.3
Carrasco ,7/21/2015 0:00,11,1.8
Carrasco ,7/22/2015 0:00,15.6,0.7
Carrasco ,7/23/2015 0:00,17,2.8
Carrasco ,7/24/2015 0:00,16.9,3.6
Carrasco ,7/25/2015 0:00,22.3,9.1
Carrasco ,7/26/2015 0:00,20.6,8
Carrasco ,7/27/2015 0:00,21.8,10.2
Carrasco ,7/28/2015 0:00,26,12.2
Carrasco ,7/29/2015 0:00,20.4,12.4
Carrasco ,7/30/2015 0:00,18.6,12.2
Carrasco ,7/31/2015 0:00,20.5,14.1
Carrasco ,8/1/2015 0:00,16,7
Carrasco ,8/2/2015 0:00,18.6,12
Carrasco ,8/3/2015 0:00,19.8,10.6
Carrasco ,8/4/2015 0:00,15.6,7.7
Carrasco ,8/5/2015 0:00,20.2,9.5
Carrasco ,8/6/2015 0:00,20,16.2
Carrasco ,8/7/2015 0:00,20.3,14
Carrasco ,8/8/2015 0:00,23,14
Carrasco ,8/9/2015 0:00,31.6,17
Carrasco ,8/10/2015 0:00,17.8,11.2
Carrasco ,8/11/2015 0:00,15.8,8.2
Carrasco ,8/12/2015 0:00,14,12
Carrasco ,8/13/2015 0:00,15.2,13.4
Carrasco ,8/14/2015 0:00,13.8,11.8
Carrasco ,8/15/2015 0:00,14.6,8
Carrasco ,8/16/2015 0:00,16.6,6.2
Carrasco ,8/17/2015 0:00,19.3,12
Carrasco ,8/18/2015 0:00,18.4,12.1
Carrasco ,8/19/2015 0:00,18.4,11.1
Carrasco ,8/20/2015 0:00,15.8,11
Carrasco ,8/21/2015 0:00,20.6,10.6
Carrasco ,8/22/2015 0:00,23,13
Carrasco ,8/23/2015 0:00,14.5,9.2
Carrasco ,8/24/2015 0:00,12.5,8
Carrasco ,8/25/2015 0:00,21,6.6
Carrasco ,8/26/2015 0:00,15.8,9.6
Carrasco ,8/27/2015 0:00,17,9.3
Carrasco ,8/28/2015 0:00,23,7.3
Carrasco ,8/29/2015 0:00,25.9,14
Carrasco ,8/30/2015 0:00,25,11.7
Carrasco ,8/31/2015 0:00,24.8,9.7
Carrasco ,9/1/2015 0:00,12.3,8.4
Carrasco ,9/2/2015 0:00,15.8,7.3
Carrasco ,9/3/2015 0:00,14.8,9
Carrasco ,9/4/2015 0:00,17.7,3.5
Carrasco ,9/5/2015 0:00,19,6.1
Carrasco ,9/6/2015 0:00,20.4,6.3
Carrasco ,9/7/2015 0:00,18.8,9.2
Carrasco ,9/8/2015 0:00,19.6,11.3
Carrasco ,9/9/2015 0:00,16,8.4
Carrasco ,9/10/2015 0:00,13.6,7.1
Carrasco ,9/11/2015 0:00,11,3.2
Carrasco ,9/12/2015 0:00,14.2,1.5
Carrasco ,9/13/2015 0:00,20.8,4.6
Carrasco ,9/14/2015 0:00,25.6,6.8
Carrasco ,9/15/2015 0:00,26.4,15
Carrasco ,9/16/2015 0:00,17.8,8.5
Carrasco ,9/17/2015 0:00,16.6,5
Carrasco ,9/18/2015 0:00,16.2,3.8
Carrasco ,9/19/2015 0:00,18.2,7
Carrasco ,9/20/2015 0:00,18,9.2
Carrasco ,9/21/2015 0:00,15.8,13.2
Carrasco ,9/22/2015 0:00,13.6,11.4
Carrasco ,9/23/2015 0:00,15,12.8
Carrasco ,9/24/2015 0:00,15,13
Carrasco ,9/25/2015 0:00,15,12
Carrasco ,9/26/2015 0:00,17.5,7.6
Carrasco ,9/27/2015 0:00,19.8,7.2
Carrasco ,9/28/2015 0:00,22,9
Carrasco ,9/29/2015 0:00,18,7.4
Carrasco ,9/30/2015 0:00,15.5,9.4
Carrasco ,10/1/2015 0:00,22.6,6.8
Carrasco ,10/2/2015 0:00,19.5,8.8
Carrasco ,10/3/2015 0:00,14.7,7.4
Carrasco ,10/4/2015 0:00,15,11
Carrasco ,10/5/2015 0:00,21.8,9
Carrasco ,10/6/2015 0:00,19.8,14
Carrasco ,10/7/2015 0:00,16,13.5
Carrasco ,10/8/2015 0:00,18,13
Carrasco ,10/9/2015 0:00,16.1,11.6
Carrasco ,10/10/2015 0:00,16.1,11.6
Carrasco ,10/11/2015 0:00,15.8,12.4
Carrasco ,10/12/2015 0:00,16,9
Carrasco ,10/13/2015 0:00,18.2,5
Carrasco ,10/14/2015 0:00,23,11.7
Carrasco ,10/15/2015 0:00,19.8,12.8
Carrasco ,10/16/2015 0:00,14.4,9.8
Carrasco ,10/17/2015 0:00,14,7.4
Carrasco ,10/18/2015 0:00,16.4,4.4
Carrasco ,10/19/2015 0:00,20,11.3
Carrasco ,10/20/2015 0:00,20.2,14.1
Carrasco ,10/21/2015 0:00,20.8,8.7
Carrasco ,10/22/2015 0:00,21.5,11.2
Carrasco ,10/23/2015 0:00,16,10.8
Carrasco ,10/24/2015 0:00,13.6,11
Carrasco ,10/25/2015 0:00,17.6,12.2
Carrasco ,10/26/2015 0:00,21.2,15.1
Carrasco ,10/27/2015 0:00,19.8,16
Carrasco ,10/28/2015 0:00,24.8,13.6
Carrasco ,10/29/2015 0:00,23.8,18
Carrasco ,10/30/2015 0:00,19.8,11.8
Carrasco ,10/31/2015 0:00,16.6,11.4
Carrasco ,11/1/2015 0:00,18.8,8.6
Carrasco ,11/2/2015 0:00,19.2,10.5
Carrasco ,11/3/2015 0:00,20.5,14.5
Carrasco ,11/4/2015 0:00,17.4,12.6
Carrasco ,11/5/2015 0:00,21,8
Carrasco ,11/6/2015 0:00,24.5,9
Carrasco ,11/7/2015 0:00,24,11.4
Carrasco ,11/8/2015 0:00,26.4,14.2
Carrasco ,11/9/2015 0:00,26,17.2
Carrasco ,11/10/2015 0:00,27.8,18.2
Carrasco ,11/11/2015 0:00,22.2,17
Carrasco ,11/12/2015 0:00,22.4,10.8
Carrasco ,11/13/2015 0:00,22,16.4
Carrasco ,11/14/2015 0:00,24.7,16.2
Carrasco ,11/15/2015 0:00,29.4,14.5
Carrasco ,11/16/2015 0:00,27.2,15.6
Carrasco ,11/17/2015 0:00,21,18.1
Carrasco ,11/18/2015 0:00,20,17
Carrasco ,11/19/2015 0:00,20.2,13.6
Carrasco ,11/20/2015 0:00,18.2,10.4
Carrasco ,11/21/2015 0:00,24.1,8
Carrasco ,11/22/2015 0:00,23,12.2
Carrasco ,11/23/2015 0:00,21.1,12.8
Carrasco ,11/24/2015 0:00,21,11.6
Carrasco ,11/25/2015 0:00,23,13.6
Carrasco ,11/26/2015 0:00,25,15.4
Carrasco ,11/27/2015 0:00,24.8,16.6
Carrasco ,11/28/2015 0:00,23,16.6
Carrasco ,11/29/2015 0:00,22.2,14.4
Carrasco ,11/30/2015 0:00,26.1,13.7
Carrasco ,12/1/2015 0:00,28.6,15
Carrasco ,12/2/2015 0:00,24,15
Carrasco ,12/3/2015 0:00,26,14.4
Carrasco ,12/4/2015 0:00,23.2,18.8
Carrasco ,12/5/2015 0:00,23.2,15.5
Carrasco ,12/6/2015 0:00,18,13.5
Carrasco ,12/7/2015 0:00,20.8,9.5
Carrasco ,12/8/2015 0:00,31,15.2
Carrasco ,12/9/2015 0:00,25.8,16.5
Carrasco ,12/10/2015 0:00,30,13.2
Carrasco ,12/11/2015 0:00,34.8,17.4
Carrasco ,12/12/2015 0:00,35,21
Carrasco ,12/13/2015 0:00,30.8,20.5
Carrasco ,12/14/2015 0:00,25.5,17.2
Carrasco ,12/15/2015 0:00,23.8,18.4
Carrasco ,12/16/2015 0:00,26.1,13.9
Carrasco ,12/17/2015 0:00,24.5,17.5
Carrasco ,12/18/2015 0:00,23.8,18
Carrasco ,12/19/2015 0:00,21.6,13.4
Carrasco ,12/20/2015 0:00,22.4,11
Carrasco ,12/21/2015 0:00,30.2,15.6
Carrasco ,12/22/2015 0:00,23,19.5
Carrasco ,12/23/2015 0:00,27.8,19.6
Carrasco ,12/24/2015 0:00,26.5,19.8
Carrasco ,12/25/2015 0:00,27,13.3
Carrasco ,12/26/2015 0:00,29,16.2
Carrasco ,12/27/2015 0:00,30.4,17
Carrasco ,12/28/2015 0:00,34.8,19
Carrasco ,12/29/2015 0:00,31.2,20
Carrasco ,12/30/2015 0:00,25.6,22
Carrasco ,12/31/2015 0:00,25.2,21.3
Carrasco ,1/1/2016 0:00,25.8,20.8
Carrasco ,1/2/2016 0:00,28,19.7
Carrasco ,1/3/2016 0:00,27.8,19.2
Carrasco ,1/4/2016 0:00,31.6,22.3
Carrasco ,1/5/2016 0:00,27.6,21.6
Carrasco ,1/6/2016 0:00,23.4,19.6
Carrasco ,1/7/2016 0:00,23.6,18.8
Carrasco ,1/8/2016 0:00,26.4,15.8
Carrasco ,1/9/2016 0:00,26,16
Carrasco ,1/10/2016 0:00,29.2,18
Carrasco ,1/11/2016 0:00,27.8,17
Carrasco ,1/12/2016 0:00,32.8,19
Carrasco ,1/13/2016 0:00,25.6,19.2
Carrasco ,1/14/2016 0:00,32.6,16.2
Carrasco ,1/15/2016 0:00,31.6,19
Carrasco ,1/16/2016 0:00,26.6,13.3
Carrasco ,1/17/2016 0:00,35.8,20.3
Carrasco ,1/18/2016 0:00,26.6,20.6
Carrasco ,1/19/2016 0:00,27,15.2
Carrasco ,1/20/2016 0:00,26.4,18.4
Carrasco ,1/21/2016 0:00,28.4,18.5
Carrasco ,1/22/2016 0:00,35.4,21
Carrasco ,1/23/2016 0:00,25.6,21.2
Carrasco ,1/24/2016 0:00,37.2,18
Carrasco ,1/25/2016 0:00,32.4,22
Carrasco ,1/26/2016 0:00,25.1,17.5
Carrasco ,1/27/2016 0:00,22.8,17.4
Carrasco ,1/28/2016 0:00,29.5,15.8
Carrasco ,1/29/2016 0:00,27.4,21
Carrasco ,1/30/2016 0:00,27,22.1
Carrasco ,1/31/2016 0:00,25,19.2
Carrasco ,2/1/2016 0:00,25.4,14.2
Carrasco ,2/2/2016 0:00,26,17.4
Carrasco ,2/3/2016 0:00,28.8,18.8
Carrasco ,2/4/2016 0:00,28.4,20
Carrasco ,2/5/2016 0:00,28.8,20
Carrasco ,2/6/2016 0:00,27.8,20.6
Carrasco ,2/7/2016 0:00,32.8,20.5
Carrasco ,2/8/2016 0:00,30.3,22.6
Carrasco ,2/9/2016 0:00,31.6,20.5
Carrasco ,2/10/2016 0:00,28.1,20.6
Carrasco ,2/11/2016 0:00,28.2,16.1
Carrasco ,2/12/2016 0:00,37.8,22.4
Carrasco ,2/13/2016 0:00,30.2,21.8
Carrasco ,2/14/2016 0:00,30,21.5
Carrasco ,2/15/2016 0:00,31,20.7
Carrasco ,2/16/2016 0:00,34.7,20.8
Carrasco ,2/17/2016 0:00,30,22
Carrasco ,2/18/2016 0:00,28.6,20.4
Carrasco ,2/19/2016 0:00,25.8,21.2
Carrasco ,2/20/2016 0:00,24.5,19.6
Carrasco ,2/21/2016 0:00,28.4,17.3
Carrasco ,2/22/2016 0:00,29.8,19.8
Carrasco ,2/23/2016 0:00,29,21.8
Carrasco ,2/24/2016 0:00,31.4,19.8
Carrasco ,2/25/2016 0:00,24.8,20.4
Carrasco ,2/26/2016 0:00,24.7,17
Carrasco ,2/27/2016 0:00,24.5,18.2
Carrasco ,2/28/2016 0:00,28.2,14
Carrasco ,2/29/2016 0:00,24.8,17.5
Carrasco ,3/1/2016 0:00,25.1,17.5
Carrasco ,3/2/2016 0:00,22.8,18.2
Carrasco ,3/3/2016 0:00,,18.5
Carrasco ,3/4/2016 0:00,26,12
Carrasco ,3/5/2016 0:00,22.8,17.6
Carrasco ,3/6/2016 0:00,21.4,15
Carrasco ,3/7/2016 0:00,23.3,14.7
Carrasco ,3/8/2016 0:00,24.8,11.8
Carrasco ,3/9/2016 0:00,25.2,17
Carrasco ,3/10/2016 0:00,19.2,17.2
Carrasco ,3/11/2016 0:00,21.4,18.1
Carrasco ,3/12/2016 0:00,20,13
Carrasco ,3/13/2016 0:00,24.4,11.1
Carrasco ,3/14/2016 0:00,27.4,15.4
Carrasco ,3/15/2016 0:00,30.2,18.6
Carrasco ,3/16/2016 0:00,31.8,19.8
Carrasco ,3/17/2016 0:00,32.6,19.6
Carrasco ,3/18/2016 0:00,25.4,19
Carrasco ,3/19/2016 0:00,20,16.9
Carrasco ,3/20/2016 0:00,20.7,13.2
Carrasco ,3/21/2016 0:00,21,16.7
Carrasco ,3/22/2016 0:00,22.7,15
Carrasco ,3/23/2016 0:00,26,12.5
Carrasco ,3/24/2016 0:00,26.6,14.4
Carrasco ,3/25/2016 0:00,22.1,18
Carrasco ,3/26/2016 0:00,20.5,17.5
Carrasco ,3/27/2016 0:00,21.4,18
Carrasco ,3/28/2016 0:00,20.4,19.3
Carrasco ,3/29/2016 0:00,23.4,15.6
Carrasco ,3/30/2016 0:00,23,16.3
Carrasco ,3/31/2016 0:00,27,16.2
Carrasco ,4/1/2016 0:00,24,16.8
Carrasco ,4/2/2016 0:00,21.3,17.2
Carrasco ,4/3/2016 0:00,23,18.1
Carrasco ,4/4/2016 0:00,21.2,17.6
Carrasco ,4/5/2016 0:00,22,18.6
Carrasco ,4/6/2016 0:00,19.6,18
Carrasco ,4/7/2016 0:00,21,15
Carrasco ,4/8/2016 0:00,20.8,16.8
Carrasco ,4/9/2016 0:00,21.4,17.8
Carrasco ,4/10/2016 0:00,19.8,17.2
Carrasco ,4/11/2016 0:00,22,18.2
Carrasco ,4/12/2016 0:00,21.2,18
Carrasco ,4/13/2016 0:00,22.4,18
Carrasco ,4/14/2016 0:00,23.5,17
Carrasco ,4/15/2016 0:00,22.8,20.6
Carrasco ,4/16/2016 0:00,23,18.4
Carrasco ,4/17/2016 0:00,18.8,13.8
Carrasco ,4/18/2016 0:00,18.6,16.5
Carrasco ,4/19/2016 0:00,20.7,16
Carrasco ,4/20/2016 0:00,20.3,11.2
Carrasco ,4/21/2016 0:00,21.6,13.8
Carrasco ,4/22/2016 0:00,19.4,10.8
Carrasco ,4/23/2016 0:00,21.5,14.2
Carrasco ,4/24/2016 0:00,20,14.6
Carrasco ,4/25/2016 0:00,17.6,13.4
Carrasco ,4/26/2016 0:00,14,10.4
Carrasco ,4/27/2016 0:00,12.4,7.6
Carrasco ,4/28/2016 0:00,12.6,7.6
Carrasco ,4/29/2016 0:00,14.2,5.2
Carrasco ,4/30/2016 0:00,13,10.5
Carrasco ,5/1/2016 0:00,16.5,5.2
Carrasco ,5/2/2016 0:00,17,8
Carrasco ,5/3/2016 0:00,13.5,6.9
Carrasco ,5/4/2016 0:00,16.2,3.9
Carrasco ,5/5/2016 0:00,14.2,8.6
Carrasco ,5/6/2016 0:00,13.3,10.8
Carrasco ,5/7/2016 0:00,13.8,11
Carrasco ,5/8/2016 0:00,17.2,12.4
Carrasco ,5/9/2016 0:00,19,11.2
Carrasco ,5/10/2016 0:00,15.8,12.4
Carrasco ,5/11/2016 0:00,14.2,11.3
Carrasco ,5/12/2016 0:00,12.8,11
Carrasco ,5/13/2016 0:00,12,9.6
Carrasco ,5/14/2016 0:00,16.6,6.1
Carrasco ,5/15/2016 0:00,14.4,12.1
Carrasco ,5/16/2016 0:00,12.8,11.1
Carrasco ,5/17/2016 0:00,12.6,8.8
Carrasco ,5/18/2016 0:00,12.6,4.8
Carrasco ,5/19/2016 0:00,12.8,3.4
Carrasco ,5/20/2016 0:00,12.6,5.6
Carrasco ,5/21/2016 0:00,13.6,10.8
Carrasco ,5/22/2016 0:00,13,8.1
Carrasco ,5/23/2016 0:00,14.6,5.8
Carrasco ,5/24/2016 0:00,16.2,5
Carrasco ,5/25/2016 0:00,14.6,5.4
Carrasco ,5/26/2016 0:00,13.4,6.2
Carrasco ,5/27/2016 0:00,15.2,12.2
Carrasco ,5/28/2016 0:00,14.7,12.8
Carrasco ,5/29/2016 0:00,16.4,14.4
Carrasco ,5/30/2016 0:00,16.2,12.8
Carrasco ,5/31/2016 0:00,14.4,10.8
Carrasco ,6/1/2016 0:00,14.8,9
Carrasco ,6/2/2016 0:00,12.4,5.4
Carrasco ,6/3/2016 0:00,13,6.4
Carrasco ,6/4/2016 0:00,11.8,7
Carrasco ,6/5/2016 0:00,12,6.1
Carrasco ,6/6/2016 0:00,13.6,2.3
Carrasco ,6/7/2016 0:00,13,7
Carrasco ,6/8/2016 0:00,11,7.2
Carrasco ,6/9/2016 0:00,11.8,1
Carrasco ,6/10/2016 0:00,10.2,7
Carrasco ,6/11/2016 0:00,12.5,3.2
Carrasco ,6/12/2016 0:00,13.2,3.8
Carrasco ,6/13/2016 0:00,15.3,3
Carrasco ,6/14/2016 0:00,15,7.5
Carrasco ,6/15/2016 0:00,11.4,3
Carrasco ,6/16/2016 0:00,12,5.6
Carrasco ,6/17/2016 0:00,15.6,2.2
Carrasco ,6/18/2016 0:00,17.2,3.8
Carrasco ,6/19/2016 0:00,12.6,5.2
Carrasco ,6/20/2016 0:00,10.2,7.3
Carrasco ,6/21/2016 0:00,12,-0.8
Carrasco ,6/22/2016 0:00,14.2,3.6
Carrasco ,6/23/2016 0:00,12.2,7
Carrasco ,6/24/2016 0:00,15.1,4.2
Carrasco ,6/25/2016 0:00,12.4,9.5
Carrasco ,6/26/2016 0:00,11.6,8.5
Carrasco ,6/27/2016 0:00,16.2,11.7
Carrasco ,6/28/2016 0:00,16,10.6
Carrasco ,6/29/2016 0:00,17,9.5
Carrasco ,6/30/2016 0:00,21.8,13.6
Carrasco ,7/1/2016 0:00,22.2,12.8
Carrasco ,7/2/2016 0:00,14.4,11.8
Carrasco ,7/3/2016 0:00,20.4,13.2
Carrasco ,7/4/2016 0:00,15.2,11.4
Carrasco ,7/5/2016 0:00,11.6,9.1
Carrasco ,7/6/2016 0:00,13.6,8.5
Carrasco ,7/7/2016 0:00,15.6,5.4
Carrasco ,7/8/2016 0:00,18,6.2
Carrasco ,7/9/2016 0:00,14.8,7
Carrasco ,7/10/2016 0:00,17.8,5.6
Carrasco ,7/11/2016 0:00,15.4,8.2
Carrasco ,7/12/2016 0:00,14.4,6.4
Carrasco ,7/13/2016 0:00,12.8,3.6
Carrasco ,7/14/2016 0:00,14,9.7
Carrasco ,7/15/2016 0:00,14.3,7.6
Carrasco ,7/16/2016 0:00,10.2,5.7
Carrasco ,7/17/2016 0:00,12.1,6.5
Carrasco ,7/18/2016 0:00,11.2,7.7
Carrasco ,7/19/2016 0:00,11,6.7
Carrasco ,7/20/2016 0:00,11.6,2.6
Carrasco ,7/21/2016 0:00,12.6,1.3
Carrasco ,7/22/2016 0:00,14.8,4.3
Carrasco ,7/23/2016 0:00,13.9,4.6
Carrasco ,7/24/2016 0:00,10.8,7.4
Carrasco ,7/25/2016 0:00,13.2,9.5
Carrasco ,7/26/2016 0:00,12.2,9.8
Carrasco ,7/27/2016 0:00,10.8,7.6
Carrasco ,7/28/2016 0:00,11,3.4
Carrasco ,7/29/2016 0:00,16,3.5
Carrasco ,7/30/2016 0:00,17,9.8
Carrasco ,7/31/2016 0:00,19.2,11
Carrasco ,8/1/2016 0:00,12.1,9.4
Carrasco ,8/2/2016 0:00,10.4,6
Carrasco ,8/3/2016 0:00,11.4,3.1
Carrasco ,8/4/2016 0:00,16.2,11.4
Carrasco ,8/5/2016 0:00,17,10.4
Carrasco ,8/6/2016 0:00,18,6.6
Carrasco ,8/7/2016 0:00,14.2,6.2
Carrasco ,8/8/2016 0:00,17.6,6.4
Carrasco ,8/9/2016 0:00,13.4,4.8
Carrasco ,8/10/2016 0:00,12.5,4.8
Carrasco ,8/11/2016 0:00,18.2,6.3
Carrasco ,8/12/2016 0:00,20.4,7.4
Carrasco ,8/13/2016 0:00,22,9.6
Carrasco ,8/14/2016 0:00,18.2,7.2
Carrasco ,8/15/2016 0:00,20.8,9.5
Carrasco ,8/16/2016 0:00,17.4,6.8
Carrasco ,8/17/2016 0:00,15.6,8.7
Carrasco ,8/18/2016 0:00,19.5,4
Carrasco ,8/19/2016 0:00,18.2,7.4
Carrasco ,8/20/2016 0:00,12.4,8
Carrasco ,8/21/2016 0:00,12.4,5.8
Carrasco ,8/22/2016 0:00,19.1,5.4
Carrasco ,8/23/2016 0:00,21.8,7.1
Carrasco ,8/24/2016 0:00,22.2,7
Carrasco ,8/25/2016 0:00,25.2,10.3
Carrasco ,8/26/2016 0:00,27.1,12.6
Carrasco ,8/27/2016 0:00,17,7.5
Carrasco ,8/28/2016 0:00,12,9.2
Carrasco ,8/29/2016 0:00,14.6,11.4
Carrasco ,8/30/2016 0:00,13.2,11.4
Carrasco ,8/31/2016 0:00,17.4,10.5
Carrasco ,9/1/2016 0:00,11.4,8
Carrasco ,9/2/2016 0:00,10.6,8.4
Carrasco ,9/3/2016 0:00,11.6,7.8
Carrasco ,9/4/2016 0:00,13.5,8.6
Carrasco ,9/5/2016 0:00,11.4,9.4
Carrasco ,9/6/2016 0:00,12.6,10
Carrasco ,9/7/2016 0:00,12.4,11
Carrasco ,9/8/2016 0:00,17.4,10.6
Carrasco ,9/9/2016 0:00,23.9,9.1
Carrasco ,9/10/2016 0:00,24,10.4
Carrasco ,9/11/2016 0:00,21.2,12.6
Carrasco ,9/12/2016 0:00,20,12.2
Carrasco ,9/13/2016 0:00,15.1,10.8
Carrasco ,9/14/2016 0:00,12.6,10.4
Carrasco ,9/15/2016 0:00,13.2,6.2
Carrasco ,9/16/2016 0:00,19,4.8
Carrasco ,9/17/2016 0:00,20,11.7
Carrasco ,9/18/2016 0:00,14.3,8.4
Carrasco ,9/19/2016 0:00,13,9
Carrasco ,9/20/2016 0:00,16.2,11
Carrasco ,9/21/2016 0:00,22.8,12.1
Carrasco ,9/22/2016 0:00,25.6,13.6
Carrasco ,9/23/2016 0:00,13.9,9.4
Carrasco ,9/24/2016 0:00,13.2,8
Carrasco ,9/25/2016 0:00,15,8
Carrasco ,9/26/2016 0:00,18.8,1.5
Carrasco ,9/27/2016 0:00,24,7.3
Carrasco ,9/28/2016 0:00,18.8,9.4
Carrasco ,9/29/2016 0:00,14,10.2
Carrasco ,9/30/2016 0:00,15.6,10.6
Carrasco ,10/1/2016 0:00,18.3,7.1
Carrasco ,10/2/2016 0:00,16.4,10.6
Carrasco ,10/3/2016 0:00,16.4,12.3
Carrasco ,10/4/2016 0:00,17.6,12.6
Carrasco ,10/5/2016 0:00,17.2,12.6
Carrasco ,10/6/2016 0:00,19.8,10.7
Carrasco ,10/7/2016 0:00,16.1,9.6
Carrasco ,10/8/2016 0:00,13.2,7
Carrasco ,10/9/2016 0:00,23.3,4.6
Carrasco ,10/10/2016 0:00,23.4,12
Carrasco ,10/11/2016 0:00,25.2,15.3
Carrasco ,10/12/2016 0:00,27.2,15
Carrasco ,10/13/2016 0:00,21.3,15.2
Carrasco ,10/14/2016 0:00,19.4,13.6
Carrasco ,10/15/2016 0:00,21.3,16
Carrasco ,10/16/2016 0:00,26,17.2
Carrasco ,10/17/2016 0:00,19.6,14.2
Carrasco ,10/18/2016 0:00,17,13.4
Carrasco ,10/19/2016 0:00,15.2,12.8
Carrasco ,10/20/2016 0:00,15.8,12.6
Carrasco ,10/21/2016 0:00,16.4,11.6
Carrasco ,10/22/2016 0:00,19.2,8
Carrasco ,10/23/2016 0:00,19,12
Carrasco ,10/24/2016 0:00,19,16
Carrasco ,10/25/2016 0:00,18.6,15.6
Carrasco ,10/26/2016 0:00,20,13.6
Carrasco ,10/27/2016 0:00,13.6,12
Carrasco ,10/28/2016 0:00,15,10.8
Carrasco ,10/29/2016 0:00,23.8,7.2
Carrasco ,10/30/2016 0:00,26.8,11.4
Carrasco ,10/31/2016 0:00,27.6,16.5
Carrasco ,11/1/2016 0:00,20,14.8
Carrasco ,11/2/2016 0:00,16.4,9.1
Carrasco ,11/3/2016 0:00,26.4,8.1
Carrasco ,11/4/2016 0:00,25,15.8
Carrasco ,11/5/2016 0:00,30.2,14
Carrasco ,11/6/2016 0:00,31.2,17.2
Carrasco ,11/7/2016 0:00,24.4,16.4
Carrasco ,11/8/2016 0:00,21.1,16.4
Carrasco ,11/9/2016 0:00,28,17.1
Carrasco ,11/10/2016 0:00,28.1,13.1
Carrasco ,11/11/2016 0:00,18.2,12.2
Carrasco ,11/12/2016 0:00,26.6,10
Carrasco ,11/13/2016 0:00,26.5,15.2
Carrasco ,11/14/2016 0:00,27.2,14.9
Carrasco ,11/15/2016 0:00,26.8,17
Carrasco ,11/16/2016 0:00,21.5,16.5
Carrasco ,11/17/2016 0:00,17.3,10.4
Carrasco ,11/18/2016 0:00,17.6,12.2
Carrasco ,11/19/2016 0:00,25,10
Carrasco ,11/20/2016 0:00,23.6,13.2
Carrasco ,11/21/2016 0:00,18.4,13.6
Carrasco ,11/22/2016 0:00,19.3,12
Carrasco ,11/23/2016 0:00,26.4,10.3
Carrasco ,11/24/2016 0:00,25.1,14
Carrasco ,11/25/2016 0:00,25.8,17
Carrasco ,11/26/2016 0:00,29.7,15.8
Carrasco ,11/27/2016 0:00,24.2,17.6
Carrasco ,11/28/2016 0:00,21.4,13.6
Carrasco ,11/29/2016 0:00,23.2,13.8
Carrasco ,11/30/2016 0:00,27.8,10.2
Carrasco ,12/1/2016 0:00,29.2,13.8
Carrasco ,12/2/2016 0:00,30.7,17.6
Carrasco ,12/3/2016 0:00,26.3,19.8
Carrasco ,12/4/2016 0:00,27,17.9
Carrasco ,12/5/2016 0:00,31.8,18.6
Carrasco ,12/6/2016 0:00,26.8,16.6
Carrasco ,12/7/2016 0:00,25.5,15.5
Carrasco ,12/8/2016 0:00,20.8,15
Carrasco ,12/9/2016 0:00,27.3,9
Carrasco ,12/10/2016 0:00,32.4,14.2
Carrasco ,12/11/2016 0:00,26.3,17
Carrasco ,12/12/2016 0:00,33.4,14.4
Carrasco ,12/13/2016 0:00,20.6,16.2
Carrasco ,12/14/2016 0:00,19.8,14.2
Carrasco ,12/15/2016 0:00,27.8,10.3
Carrasco ,12/16/2016 0:00,31,14.2
Carrasco ,12/17/2016 0:00,33.4,18.1
Carrasco ,12/18/2016 0:00,31.8,20.8
Carrasco ,12/19/2016 0:00,23.6,18.2
Carrasco ,12/20/2016 0:00,27.3,13.1
Carrasco ,12/21/2016 0:00,32.4,15.3
Carrasco ,12/22/2016 0:00,29.2,20.6
Carrasco ,12/23/2016 0:00,29.2,19
Carrasco ,12/24/2016 0:00,29.4,17
Carrasco ,12/25/2016 0:00,24.2,19
Carrasco ,12/26/2016 0:00,25,20.8
Carrasco ,12/27/2016 0:00,23.6,20.6
Carrasco ,12/28/2016 0:00,27.8,16
Carrasco ,12/29/2016 0:00,29.6,20.3
Carrasco ,12/30/2016 0:00,27.1,19.6
Carrasco ,12/31/2016 0:00,30,21.4
Carrasco ,1/1/2017 0:00,31.2,22.5
Carrasco ,1/2/2017 0:00,26.4,21.1
Carrasco ,1/3/2017 0:00,26.1,19.7
Carrasco ,1/4/2017 0:00,27.4,19.2
Carrasco ,1/5/2017 0:00,28.2,17
Carrasco ,1/6/2017 0:00,24.6,14
Carrasco ,1/7/2017 0:00,33,17.4
Carrasco ,1/8/2017 0:00,29.2,23
Carrasco ,1/9/2017 0:00,29,20.6
Carrasco ,1/10/2017 0:00,24,19.1
Carrasco ,1/11/2017 0:00,29,15.1
Carrasco ,1/12/2017 0:00,32,17.2
Carrasco ,1/13/2017 0:00,29.3,19.6
Carrasco ,1/14/2017 0:00,24,17.4
Carrasco ,1/15/2017 0:00,24.6,16.4
Carrasco ,1/16/2017 0:00,25.9,20.6
Carrasco ,1/17/2017 0:00,26.6,21.4
Carrasco ,1/18/2017 0:00,26.2,19.6
Carrasco ,1/19/2017 0:00,32.4,17
Carrasco ,1/20/2017 0:00,31.2,20.2
Carrasco ,1/21/2017 0:00,33.4,19.3
Carrasco ,1/22/2017 0:00,31.2,19
Carrasco ,1/23/2017 0:00,26.8,19.5
Carrasco ,1/24/2017 0:00,32,19.8
Carrasco ,1/25/2017 0:00,22.4,18
Carrasco ,1/26/2017 0:00,21,18
Carrasco ,1/27/2017 0:00,23,15.8
Carrasco ,1/28/2017 0:00,27.2,14.6
Carrasco ,1/29/2017 0:00,32,17.2
Carrasco ,1/30/2017 0:00,33.4,22.7
Carrasco ,1/31/2017 0:00,29.5,21.5
Carrasco ,2/1/2017 0:00,30,21.2
Carrasco ,2/2/2017 0:00,25.8,21.8
Carrasco ,2/3/2017 0:00,27,21.8
Carrasco ,2/4/2017 0:00,27.1,17
Carrasco ,2/5/2017 0:00,24.8,17.5
Carrasco ,2/6/2017 0:00,22.3,16.6
Carrasco ,2/7/2017 0:00,22.4,15
Carrasco ,2/8/2017 0:00,25.2,12.8
Carrasco ,2/9/2017 0:00,26.3,17
Carrasco ,2/10/2017 0:00,25.6,21
Carrasco ,2/11/2017 0:00,24.5,21.2
Carrasco ,2/12/2017 0:00,25.6,21.6
Carrasco ,2/13/2017 0:00,24.5,21.1
Carrasco ,2/14/2017 0:00,28.2,20.9
Carrasco ,2/15/2017 0:00,29,21.2
Carrasco ,2/16/2017 0:00,30,19.8
Carrasco ,2/17/2017 0:00,31,20
Carrasco ,2/18/2017 0:00,29,23.1
Carrasco ,2/19/2017 0:00,29.2,19.4
Carrasco ,2/20/2017 0:00,30.7,19.9
Carrasco ,2/21/2017 0:00,31.8,22.3
Carrasco ,2/22/2017 0:00,30.6,22.8
Carrasco ,2/23/2017 0:00,30.4,20.2
Carrasco ,2/24/2017 0:00,30.3,21.4
Carrasco ,2/25/2017 0:00,30.2,21.5
Carrasco ,2/26/2017 0:00,33.6,22.6
Carrasco ,2/27/2017 0:00,33.7,22.2
Carrasco ,2/28/2017 0:00,31.2,22.2
Carrasco ,3/1/2017 0:00,32,21.8
Carrasco ,3/2/2017 0:00,34.4,23.4
Carrasco ,3/3/2017 0:00,28.1,22
Carrasco ,3/4/2017 0:00,25.6,21.6
Carrasco ,3/5/2017 0:00,25,14.6
Carrasco ,3/6/2017 0:00,29,14.2
Carrasco ,3/7/2017 0:00,22.8,19
Carrasco ,3/8/2017 0:00,30,17
Carrasco ,3/9/2017 0:00,25.2,18.4
Carrasco ,3/10/2017 0:00,24,15
Carrasco ,3/11/2017 0:00,25.4,11.4
Carrasco ,3/12/2017 0:00,21.9,14.8
Carrasco ,3/13/2017 0:00,25,12
Carrasco ,3/14/2017 0:00,25.3,13
Carrasco ,3/15/2017 0:00,23.8,16.3
Carrasco ,3/16/2017 0:00,21,16.8
Carrasco ,3/17/2017 0:00,19.6,14
Carrasco ,3/18/2017 0:00,20.6,12
Carrasco ,3/19/2017 0:00,22.5,11.8
Carrasco ,3/20/2017 0:00,22.8,13
Carrasco ,3/21/2017 0:00,23.7,16.7
Carrasco ,3/22/2017 0:00,24.8,18.2
Carrasco ,3/23/2017 0:00,25,19.2
Carrasco ,3/24/2017 0:00,26.2,17
Carrasco ,3/25/2017 0:00,26,17.8
Carrasco ,3/26/2017 0:00,28,18.6
Carrasco ,3/27/2017 0:00,25.1,19
Carrasco ,3/28/2017 0:00,23.8,18.8
Carrasco ,3/29/2017 0:00,25.4,17.8
Carrasco ,3/30/2017 0:00,27.8,17.3
Carrasco ,3/31/2017 0:00,27.2,17
Carrasco ,4/1/2017 0:00,27.8,18
Carrasco ,4/2/2017 0:00,27.4,16.6
Carrasco ,4/3/2017 0:00,27.3,18.6
Carrasco ,4/4/2017 0:00,27,15
Carrasco ,4/5/2017 0:00,26.2,15.2
Carrasco ,4/6/2017 0:00,21.8,14
Carrasco ,4/7/2017 0:00,27.2,13.8
Carrasco ,4/8/2017 0:00,27,20
Carrasco ,4/9/2017 0:00,25.8,22
Carrasco ,4/10/2017 0:00,24.6,13.6
Carrasco ,4/11/2017 0:00,21.5,13.6
Carrasco ,4/12/2017 0:00,18.7,14.6
Carrasco ,4/13/2017 0:00,21,9.8
Carrasco ,4/14/2017 0:00,20.4,9.6
Carrasco ,4/15/2017 0:00,20.6,11.4
Carrasco ,4/16/2017 0:00,20.7,17.4
Carrasco ,4/17/2017 0:00,20.6,15.2
Carrasco ,4/18/2017 0:00,20.7,11.1
Carrasco ,4/19/2017 0:00,20.8,15.6
Carrasco ,4/20/2017 0:00,19.8,14
Carrasco ,4/21/2017 0:00,21.6,14.2
Carrasco ,4/22/2017 0:00,18.8,10.2
Carrasco ,4/23/2017 0:00,22.4,7.9
Carrasco ,4/24/2017 0:00,24.6,13.7
Carrasco ,4/25/2017 0:00,20.4,14.6
Carrasco ,4/26/2017 0:00,17.6,11.8
Carrasco ,4/27/2017 0:00,21.4,11.7
Carrasco ,4/28/2017 0:00,24.4,10.6
Carrasco ,4/29/2017 0:00,24.4,11.6
Carrasco ,4/30/2017 0:00,26.6,11.3
Carrasco ,5/1/2017 0:00,27.9,9.6
Carrasco ,5/2/2017 0:00,27.2,10.4
Carrasco ,5/3/2017 0:00,22.8,14.2
Carrasco ,5/4/2017 0:00,26,13.8
Carrasco ,5/5/2017 0:00,24.8,13.2
Carrasco ,5/6/2017 0:00,24,13.8
Carrasco ,5/7/2017 0:00,27.2,16
Carrasco ,5/8/2017 0:00,21.8,16.2
Carrasco ,5/9/2017 0:00,17.6,11.2
Carrasco ,5/10/2017 0:00,16.2,12.2
Carrasco ,5/11/2017 0:00,17,5.2
Carrasco ,5/12/2017 0:00,18.2,14.6
Carrasco ,5/13/2017 0:00,18.4,15.6
Carrasco ,5/14/2017 0:00,17.6,15
Carrasco ,5/15/2017 0:00,18,10.2
Carrasco ,5/16/2017 0:00,18.6,8.2
Carrasco ,5/17/2017 0:00,18,5.6
Carrasco ,5/18/2017 0:00,21.2,12.4
Carrasco ,5/19/2017 0:00,18.4,14.6
Carrasco ,5/20/2017 0:00,15.4,9.1
Carrasco ,5/21/2017 0:00,15.4,9.2
Carrasco ,5/22/2017 0:00,21.4,8
Carrasco ,5/23/2017 0:00,21.5,12
Carrasco ,5/24/2017 0:00,19,12.4
Carrasco ,5/25/2017 0:00,18,15.2
Carrasco ,5/26/2017 0:00,16.2,13.4
Carrasco ,5/27/2017 0:00,14.1,11.7
Carrasco ,5/28/2017 0:00,14.4,12
Carrasco ,5/29/2017 0:00,16,9
Carrasco ,5/30/2017 0:00,15,6.4
Carrasco ,5/31/2017 0:00,15,6.8
Carrasco ,6/1/2017 0:00,16.3,6
Carrasco ,6/2/2017 0:00,15.8,5
Carrasco ,6/3/2017 0:00,18,7.2
Carrasco ,6/4/2017 0:00,16.2,6.4
Carrasco ,6/5/2017 0:00,13.3,5.2
Carrasco ,6/6/2017 0:00,15.4,3.7
Carrasco ,6/7/2017 0:00,14.6,2.7
Carrasco ,6/8/2017 0:00,15,8.4
Carrasco ,6/9/2017 0:00,14.2,7.4
Carrasco ,6/10/2017 0:00,17,8.8
Carrasco ,6/11/2017 0:00,18.8,6.8
Carrasco ,6/12/2017 0:00,14.2,3.2
Carrasco ,6/13/2017 0:00,18.8,4.2
Carrasco ,6/14/2017 0:00,19.8,6.6
Carrasco ,6/15/2017 0:00,21,9.8
Carrasco ,6/16/2017 0:00,24.2,17.4
Carrasco ,6/17/2017 0:00,24,13.4
Carrasco ,6/18/2017 0:00,10.8,7.8
Carrasco ,6/19/2017 0:00,11.2,3
Carrasco ,6/20/2017 0:00,12.8,0.4
Carrasco ,6/21/2017 0:00,16.4,6
Carrasco ,6/22/2017 0:00,24.1,10.7
Carrasco ,6/23/2017 0:00,25,17.4
Carrasco ,6/24/2017 0:00,25.4,16.8
Carrasco ,6/25/2017 0:00,26.9,18.5
Carrasco ,6/26/2017 0:00,25.4,14.7
Carrasco ,6/27/2017 0:00,22.6,13.1
Carrasco ,6/28/2017 0:00,15.3,8.8
Carrasco ,6/29/2017 0:00,16,6.3
Carrasco ,6/30/2017 0:00,14.8,8
Carrasco ,7/1/2017 0:00,15.4,6.2
Carrasco ,7/2/2017 0:00,16.6,6.5
Carrasco ,7/3/2017 0:00,19.8,8.6
Carrasco ,7/4/2017 0:00,19.1,9.4
Carrasco ,7/5/2017 0:00,21,10.6
Carrasco ,7/6/2017 0:00,17.4,10.3
Carrasco ,7/7/2017 0:00,14.8,12.4
Carrasco ,7/8/2017 0:00,18.2,12.6
Carrasco ,7/9/2017 0:00,13.1,11.2
Carrasco ,7/10/2017 0:00,12.8,11.2
Carrasco ,7/11/2017 0:00,14.6,10
Carrasco ,7/12/2017 0:00,18.4,10.4
Carrasco ,7/13/2017 0:00,24.6,16.2
Carrasco ,7/14/2017 0:00,18,13.2
Carrasco ,7/15/2017 0:00,24.3,11.5
Carrasco ,7/16/2017 0:00,12.3,6.3
Carrasco ,7/17/2017 0:00,7.8,1.4
Carrasco ,7/18/2017 0:00,13.6,0.1
Carrasco ,7/19/2017 0:00,15.4,2.8
Carrasco ,7/20/2017 0:00,,6.8
Carrasco ,7/21/2017 0:00,13.6,5.6
Carrasco ,7/22/2017 0:00,17.6,5.4
Carrasco ,7/23/2017 0:00,16.6,9.6
Carrasco ,7/24/2017 0:00,16,11.4
Carrasco ,7/25/2017 0:00,14.6,10.1
Carrasco ,7/26/2017 0:00,18.8,13.6
Carrasco ,7/27/2017 0:00,25.5,14.5
Carrasco ,7/28/2017 0:00,25,14.8
Carrasco ,7/29/2017 0:00,24.4,15.8
Carrasco ,7/30/2017 0:00,17.1,
Carrasco ,7/31/2017 0:00,12.8,11
Carrasco ,8/1/2017 0:00,13.8,12.2
Carrasco ,8/2/2017 0:00,14.6,10.6
Carrasco ,8/3/2017 0:00,16.2,2.8
Carrasco ,8/4/2017 0:00,16.9,5
Carrasco ,8/5/2017 0:00,18.9,6
Carrasco ,8/6/2017 0:00,22,11.8
Carrasco ,8/7/2017 0:00,20.2,11.6
Carrasco ,8/8/2017 0:00,16.5,12.4
Carrasco ,8/9/2017 0:00,16.4,12.4
Carrasco ,8/10/2017 0:00,18.7,11.5
Carrasco ,8/11/2017 0:00,18.2,14
Carrasco ,8/12/2017 0:00,17.9,12.4
Carrasco ,8/13/2017 0:00,14.2,9.4
Carrasco ,8/14/2017 0:00,18,5
Carrasco ,8/15/2017 0:00,20.7,6.8
Carrasco ,8/16/2017 0:00,14.6,8.8
Carrasco ,8/17/2017 0:00,20.6,4.2
Carrasco ,8/18/2017 0:00,22.3,8.8
Carrasco ,8/19/2017 0:00,17.5,8.6
Carrasco ,8/20/2017 0:00,14.2,8.4
Carrasco ,8/21/2017 0:00,16,2.7
Carrasco ,8/22/2017 0:00,18.1,6.2
Carrasco ,8/23/2017 0:00,22.4,10.2
Carrasco ,8/24/2017 0:00,23.4,12.8
Carrasco ,8/25/2017 0:00,21.8,
Carrasco ,8/26/2017 0:00,18,
Carrasco ,8/27/2017 0:00,16.6,8.8
Carrasco ,8/28/2017 0:00,24,13.4
Carrasco ,8/29/2017 0:00,20.6,14.4
Carrasco ,8/30/2017 0:00,14.6,10
Carrasco ,8/31/2017 0:00,16.4,4.6
Carrasco ,9/1/2017 0:00,21.8,11.5
Carrasco ,9/2/2017 0:00,26.6,18.1
Carrasco ,9/3/2017 0:00,25,16.4
Carrasco ,9/4/2017 0:00,16,13
Carrasco ,9/5/2017 0:00,15.4,12
Carrasco ,9/6/2017 0:00,19.6,9.5
Carrasco ,9/7/2017 0:00,16.6,12.8
Carrasco ,9/8/2017 0:00,15.6,13
Carrasco ,9/9/2017 0:00,19.6,12.85
Carrasco ,9/10/2017 0:00,19.8,11
Carrasco ,9/11/2017 0:00,19.8,9.7
Carrasco ,9/12/2017 0:00,16.2,7
Carrasco ,9/13/2017 0:00,15.6,7.6
Carrasco ,9/14/2017 0:00,20.2,12
Carrasco ,9/15/2017 0:00,14.5,11.6
Carrasco ,9/16/2017 0:00,15.8,11.2
Carrasco ,9/17/2017 0:00,18.8,7.8
Carrasco ,9/18/2017 0:00,19.4,7.4
Carrasco ,9/19/2017 0:00,22,10.4
Carrasco ,9/20/2017 0:00,27.8,13.8
Carrasco ,9/21/2017 0:00,19.1,10
Carrasco ,9/22/2017 0:00,14.2,10.9
Carrasco ,9/23/2017 0:00,19.2,6.8
Carrasco ,9/24/2017 0:00,20.5,6.8
Carrasco ,9/25/2017 0:00,21.4,11.8
Carrasco ,9/26/2017 0:00,16.4,13.4
Carrasco ,9/27/2017 0:00,15.4,12
Carrasco ,9/28/2017 0:00,17.8,13.2
Carrasco ,9/29/2017 0:00,19.6,12.2
Carrasco ,9/30/2017 0:00,21.8,14.8
Carrasco ,10/1/2017 0:00,19.4,14.8
Carrasco ,10/2/2017 0:00,18.3,10.8
Carrasco ,10/3/2017 0:00,19.4,9.6
Carrasco ,10/4/2017 0:00,28.6,10.7
Carrasco ,10/5/2017 0:00,23.2,15.2
Carrasco ,10/6/2017 0:00,23.4,8.6
Carrasco ,10/7/2017 0:00,18,8.4
Carrasco ,10/8/2017 0:00,22.9,12
Carrasco ,10/9/2017 0:00,20.2,15.2
Carrasco ,10/10/2017 0:00,17.9,11.3
Carrasco ,10/11/2017 0:00,18,12.8
Carrasco ,10/12/2017 0:00,15.2,13.4
Carrasco ,10/13/2017 0:00,16.7,12.1
Carrasco ,10/14/2017 0:00,20.5,5.8
Carrasco ,10/15/2017 0:00,24.2,10.2
Carrasco ,10/16/2017 0:00,27.4,12.6
Carrasco ,10/17/2017 0:00,22.2,16.8
Carrasco ,10/18/2017 0:00,23.4,14.2
Carrasco ,10/19/2017 0:00,19.8,12.8
Carrasco ,10/20/2017 0:00,23.8,7.3
Carrasco ,10/21/2017 0:00,17.8,12.4
Carrasco ,10/22/2017 0:00,13.8,11
Carrasco ,10/23/2017 0:00,18.8,4.4
Carrasco ,10/24/2017 0:00,23.8,9.6
Carrasco ,10/25/2017 0:00,23.8,12.8
Carrasco ,10/26/2017 0:00,22.3,16.6
Carrasco ,10/27/2017 0:00,18.8,15
Carrasco ,10/28/2017 0:00,18.4,14.8
Carrasco ,10/29/2017 0:00,25.2,12.2
Carrasco ,10/30/2017 0:00,20.4,13
Carrasco ,10/31/2017 0:00,23.9,11
Carrasco ,11/1/2017 0:00,21,13
Carrasco ,11/2/2017 0:00,22.9,14
Carrasco ,11/3/2017 0:00,23.8,13.5
Carrasco ,11/4/2017 0:00,20.6,14
Carrasco ,11/5/2017 0:00,21.6,10.2
Carrasco ,11/6/2017 0:00,24,12.4
Carrasco ,11/7/2017 0:00,22.8,14.8
Carrasco ,11/8/2017 0:00,25.1,17.1
Carrasco ,11/9/2017 0:00,25,14.6
Carrasco ,11/10/2017 0:00,25.4,14.2
Carrasco ,11/11/2017 0:00,20.6,15.2
Carrasco ,11/12/2017 0:00,22.6,13.8
Carrasco ,11/13/2017 0:00,25,11.4
Carrasco ,11/14/2017 0:00,31.1,12.9
Carrasco ,11/15/2017 0:00,33,17
Carrasco ,11/16/2017 0:00,18.5,14
Carrasco ,11/17/2017 0:00,23.6,9.4
Carrasco ,11/18/2017 0:00,19.6,12.3
Carrasco ,11/19/2017 0:00,24,8.5
Carrasco ,11/20/2017 0:00,17.6,10
Carrasco ,11/21/2017 0:00,18.2,12.8
Carrasco ,11/22/2017 0:00,24.4,7.5
Carrasco ,11/23/2017 0:00,32,16.2
Carrasco ,11/24/2017 0:00,20.6,12.5
Carrasco ,11/25/2017 0:00,21,8.4
Carrasco ,11/26/2017 0:00,24.6,8.9
Carrasco ,11/27/2017 0:00,22.4,
Carrasco ,11/28/2017 0:00,18.7,12.6
Carrasco ,11/29/2017 0:00,23,11.2
Carrasco ,11/30/2017 0:00,27,15.6
Carrasco ,12/1/2017 0:00,23.2,14.4
Carrasco ,12/2/2017 0:00,25,16.6
Carrasco ,12/3/2017 0:00,22.5,17
Carrasco ,12/4/2017 0:00,20.4,16.6
Carrasco ,12/5/2017 0:00,21.8,13.8
Carrasco ,12/6/2017 0:00,27.4,
Carrasco ,12/7/2017 0:00,22,16.6
Carrasco ,12/8/2017 0:00,24.6,11.6
Carrasco ,12/9/2017 0:00,32.2,18
Carrasco ,12/10/2017 0:00,26.6,17.8
Carrasco ,12/11/2017 0:00,19.8,15.8
Carrasco ,12/12/2017 0:00,28.5,11.6
Carrasco ,12/13/2017 0:00,29.8,16.6
Carrasco ,12/14/2017 0:00,30,19
Carrasco ,12/15/2017 0:00,33.6,18.4
Carrasco ,12/16/2017 0:00,35,18.4
Carrasco ,12/17/2017 0:00,27.3,21.4
Carrasco ,12/18/2017 0:00,20.2,15
Carrasco ,12/19/2017 0:00,20.3,9
Carrasco ,12/20/2017 0:00,24.2,13.2
Carrasco ,12/21/2017 0:00,29.2,17
Carrasco ,12/22/2017 0:00,32.2,17
Carrasco ,12/23/2017 0:00,25.8,22
Carrasco ,12/24/2017 0:00,23.6,17.2
Carrasco ,12/25/2017 0:00,30,15.2
Carrasco ,12/26/2017 0:00,33.2,12.9
Carrasco ,12/27/2017 0:00,26.6,17.4
Carrasco ,12/28/2017 0:00,29.8,20.4
Carrasco ,12/29/2017 0:00,32,16.6
Carrasco ,12/30/2017 0:00,33.2,20.2
Carrasco ,12/31/2017 0:00,26.8,20.4
Carrasco ,1/1/2018 0:00,23.3,20
Carrasco ,1/2/2018 0:00,26.2,13.4
Carrasco ,1/3/2018 0:00,27.8,14.8
Carrasco ,1/4/2018 0:00,36.3,18.4
Carrasco ,1/5/2018 0:00,29,20.2
Carrasco ,1/6/2018 0:00,24,19
Carrasco ,1/7/2018 0:00,30.3,13.3
Carrasco ,1/8/2018 0:00,32,16.4
Carrasco ,1/9/2018 0:00,29.4,18.2
Carrasco ,1/10/2018 0:00,31.6,19.5
Carrasco ,1/11/2018 0:00,32.5,21.4
Carrasco ,1/12/2018 0:00,29.8,22
Carrasco ,1/13/2018 0:00,29.6,22.4
Carrasco ,1/14/2018 0:00,24,19.8
Carrasco ,1/15/2018 0:00,24.6,20
Carrasco ,1/16/2018 0:00,27.6,16.5
Carrasco ,1/17/2018 0:00,29.6,19
Carrasco ,1/18/2018 0:00,28,16
Carrasco ,1/19/2018 0:00,28.6,18
Carrasco ,1/20/2018 0:00,28.5,18
Carrasco ,1/21/2018 0:00,29.2,21.3
Carrasco ,1/22/2018 0:00,26.8,19.2
Carrasco ,1/23/2018 0:00,29.6,19.2
Carrasco ,1/24/2018 0:00,23.8,18.8
Carrasco ,1/25/2018 0:00,22.6,17.1
Carrasco ,1/26/2018 0:00,28,17.6
Carrasco ,1/27/2018 0:00,29.2,19
Carrasco ,1/28/2018 0:00,26.7,19.5
Carrasco ,1/29/2018 0:00,25.4,12.3
Carrasco ,1/30/2018 0:00,31,15.4
Carrasco ,1/31/2018 0:00,28,20
Carrasco ,2/1/2018 0:00,28,18.8
Carrasco ,2/2/2018 0:00,25.6,18.8
Carrasco ,2/3/2018 0:00,26.4,15
Carrasco ,2/4/2018 0:00,27.4,17.2
Carrasco ,2/5/2018 0:00,28,18.4
Carrasco ,2/6/2018 0:00,28.6,19.8
Carrasco ,2/7/2018 0:00,30.2,20.2
Carrasco ,2/8/2018 0:00,36,21.5
Carrasco ,2/9/2018 0:00,25.6,20.6
Carrasco ,2/10/2018 0:00,26.8,19.5
Carrasco ,2/11/2018 0:00,21.6,16
Carrasco ,2/12/2018 0:00,21,15.6
Carrasco ,2/13/2018 0:00,21.8,9.8
Carrasco ,2/14/2018 0:00,28.2,13
Carrasco ,2/15/2018 0:00,27.6,15.6
Carrasco ,2/16/2018 0:00,30.4,16.6
Carrasco ,2/17/2018 0:00,31,18.8
Carrasco ,2/18/2018 0:00,34.6,19.5
Carrasco ,2/19/2018 0:00,31,21.8
Carrasco ,2/20/2018 0:00,27,20
Carrasco ,2/21/2018 0:00,22.8,18.2
Carrasco ,2/22/2018 0:00,23.4,17.6
Carrasco ,2/23/2018 0:00,24.8,13
Carrasco ,2/24/2018 0:00,23.2,18
Carrasco ,2/25/2018 0:00,24.9,13.9
Carrasco ,2/26/2018 0:00,26.6,13.6
Carrasco ,2/27/2018 0:00,25.4,17.4
Carrasco ,2/28/2018 0:00,24.6,18.4
Carrasco ,3/1/2018 0:00,27.8,16.2
Carrasco ,3/2/2018 0:00,27.8,17.8
Carrasco ,3/3/2018 0:00,28.2,18.6
Carrasco ,3/4/2018 0:00,28.6,18.7
Carrasco ,3/5/2018 0:00,26.4,19.2
Carrasco ,3/6/2018 0:00,22.6,19.2
Carrasco ,3/7/2018 0:00,24.6,17.6
Carrasco ,3/8/2018 0:00,27,10.8
Carrasco ,3/9/2018 0:00,29.2,11
Carrasco ,3/10/2018 0:00,33.4,13.8
Carrasco ,3/11/2018 0:00,22,17.4
Carrasco ,3/12/2018 0:00,21.2,16.4
Carrasco ,3/13/2018 0:00,28.8,11
Carrasco ,3/14/2018 0:00,29.4,11.5
Carrasco ,3/15/2018 0:00,21.6,15.6
Carrasco ,3/16/2018 0:00,23.4,10
Carrasco ,3/17/2018 0:00,29,16.3
Carrasco ,3/18/2018 0:00,24,18.2
Carrasco ,3/19/2018 0:00,22.6,16.2
Carrasco ,3/20/2018 0:00,25,11.4
Carrasco ,3/21/2018 0:00,24.8,16.5
Carrasco ,3/22/2018 0:00,24,12
Carrasco ,3/23/2018 0:00,30,15
Carrasco ,3/24/2018 0:00,24.2,18.4
Carrasco ,3/25/2018 0:00,22.9,11.8
Carrasco ,3/26/2018 0:00,20.2,9.6
Carrasco ,3/27/2018 0:00,22.5,11
Carrasco ,3/28/2018 0:00,27.2,15.5
Carrasco ,3/29/2018 0:00,27.2,17.2
Carrasco ,3/30/2018 0:00,29,17.6
Carrasco ,3/31/2018 0:00,27.2,18
Carrasco ,4/1/2018 0:00,23.5,20.4
Carrasco ,4/2/2018 0:00,23.2,19.4
Carrasco ,4/3/2018 0:00,22.5,18.2
Carrasco ,4/4/2018 0:00,23.2,15.5
Carrasco ,4/5/2018 0:00,28,16.2
Carrasco ,4/6/2018 0:00,24,18.8
Carrasco ,4/7/2018 0:00,22,16.9
Carrasco ,4/8/2018 0:00,22.8,14.2
Carrasco ,4/9/2018 0:00,27,17
Carrasco ,4/10/2018 0:00,32,20.6
Carrasco ,4/11/2018 0:00,33.2,22.4
Carrasco ,4/12/2018 0:00,28.9,17
Carrasco ,4/13/2018 0:00,18.6,14.6
Carrasco ,4/14/2018 0:00,21.8,10
Carrasco ,4/15/2018 0:00,23.6,14
Carrasco ,4/16/2018 0:00,25.6,14.2
Carrasco ,4/17/2018 0:00,27.5,15.8
Carrasco ,4/18/2018 0:00,28.8,16.4
Carrasco ,4/19/2018 0:00,28.3,17.2
Carrasco ,4/20/2018 0:00,24.4,20.2
Carrasco ,4/21/2018 0:00,24,19.4
Carrasco ,4/22/2018 0:00,25,19
Carrasco ,4/23/2018 0:00,23.2,19.2
Carrasco ,4/24/2018 0:00,22,19.2
Carrasco ,4/25/2018 0:00,25.1,19
Carrasco ,4/26/2018 0:00,27.8,18.5
Carrasco ,4/27/2018 0:00,30,20.6
Carrasco ,4/28/2018 0:00,21.2,20.6
Carrasco ,4/29/2018 0:00,20.8,18.6
Carrasco ,4/30/2018 0:00,21.2,18.8
Carrasco ,5/1/2018 0:00,18.2,14.4
Carrasco ,5/2/2018 0:00,19.4,15
Carrasco ,5/3/2018 0:00,21.7,14.8
Carrasco ,5/4/2018 0:00,20.5,14.8
Carrasco ,5/5/2018 0:00,19.5,17
Carrasco ,5/6/2018 0:00,21.6,16
Carrasco ,5/7/2018 0:00,23.5,16.2
Carrasco ,5/8/2018 0:00,21.4,17.1
Carrasco ,5/9/2018 0:00,21.9,18.6
Carrasco ,5/10/2018 0:00,20.6,14.5
Carrasco ,5/11/2018 0:00,19.4,15.6
Carrasco ,5/12/2018 0:00,19.6,13.4
Carrasco ,5/13/2018 0:00,20,10
Carrasco ,5/14/2018 0:00,19.2,12.6
Carrasco ,5/15/2018 0:00,19,13
Carrasco ,5/16/2018 0:00,15.5,12.8
Carrasco ,5/17/2018 0:00,11.4,7.4
Carrasco ,5/18/2018 0:00,16,6
Carrasco ,5/19/2018 0:00,16.2,8
Carrasco ,5/20/2018 0:00,17.6,10.6
Carrasco ,5/21/2018 0:00,17.5,8.8
Carrasco ,5/22/2018 0:00,15.6,7
Carrasco ,5/23/2018 0:00,17.1,5.4
Carrasco ,5/24/2018 0:00,18.6,5.8
Carrasco ,5/25/2018 0:00,19.6,7.2
Carrasco ,5/26/2018 0:00,20.4,5.2
Carrasco ,5/27/2018 0:00,23,10.6
Carrasco ,5/28/2018 0:00,27,16.6
Carrasco ,5/29/2018 0:00,27.2,19.4
Carrasco ,5/30/2018 0:00,17.8,14.6
Carrasco ,5/31/2018 0:00,14,
Carrasco ,6/1/2018 0:00,12,11
Carrasco ,6/2/2018 0:00,14.4,10
Carrasco ,6/3/2018 0:00,12.4,10.4
Carrasco ,6/4/2018 0:00,12.4,9.6
Carrasco ,6/5/2018 0:00,12,5.3
Carrasco ,6/6/2018 0:00,15.4,4.6
Carrasco ,6/7/2018 0:00,12.6,6.4
Carrasco ,6/8/2018 0:00,14.4,2.2
Carrasco ,6/9/2018 0:00,17,6.2
Carrasco ,6/10/2018 0:00,16.6,13
Carrasco ,6/11/2018 0:00,14.7,12.9
Carrasco ,6/12/2018 0:00,14.4,8.2
Carrasco ,6/13/2018 0:00,10.8,7.4
Carrasco ,6/14/2018 0:00,10.6,3.6
Carrasco ,6/15/2018 0:00,11.2,4.2
Carrasco ,6/16/2018 0:00,11.8,2.8
Carrasco ,6/17/2018 0:00,13.6,2.8
Carrasco ,6/18/2018 0:00,16.6,3.4
Carrasco ,6/19/2018 0:00,17.6,5.6
Carrasco ,6/20/2018 0:00,20,8.4
Carrasco ,6/21/2018 0:00,13.6,8.4
Carrasco ,6/22/2018 0:00,16,3.4
Carrasco ,6/23/2018 0:00,15.4,7.8
Carrasco ,6/24/2018 0:00,9.6,3
Carrasco ,6/25/2018 0:00,12.8,-0.2
Carrasco ,6/26/2018 0:00,16,2.6
Carrasco ,6/27/2018 0:00,18.6,6.2
Carrasco ,6/28/2018 0:00,15.6,6.5
Carrasco ,6/29/2018 0:00,15.8,9.8
Carrasco ,6/30/2018 0:00,11,9
Carrasco ,7/1/2018 0:00,17,10
Carrasco ,7/2/2018 0:00,13.6,8.4
Carrasco ,7/3/2018 0:00,9.2,7
Carrasco ,7/4/2018 0:00,11.2,5.4
Carrasco ,7/5/2018 0:00,11.4,7
Carrasco ,7/6/2018 0:00,12.8,8.4
Carrasco ,7/7/2018 0:00,13.2,11.4
Carrasco ,7/8/2018 0:00,13.2,9.4
Carrasco ,7/9/2018 0:00,11.5,8.4
Carrasco ,7/10/2018 0:00,12.6,8
Carrasco ,7/11/2018 0:00,13.6,1.8
Carrasco ,7/12/2018 0:00,16.2,5.6
Carrasco ,7/13/2018 0:00,17.2,8
Carrasco ,7/14/2018 0:00,21,9.8
Carrasco ,7/15/2018 0:00,14.2,10
Carrasco ,7/16/2018 0:00,11.5,8.2
Carrasco ,7/17/2018 0:00,13.6,9.6
Carrasco ,7/18/2018 0:00,18.2,12.2
Carrasco ,7/19/2018 0:00,18.2,12.4
Carrasco ,7/20/2018 0:00,10.6,7.4
Carrasco ,7/21/2018 0:00,12.4,4.8
Carrasco ,7/22/2018 0:00,13.1,3.2
Carrasco ,7/23/2018 0:00,10.2,6.4
Carrasco ,7/24/2018 0:00,11,3.4
Carrasco ,7/25/2018 0:00,12.8,8.7
Carrasco ,7/26/2018 0:00,13.2,11.8
Carrasco ,7/27/2018 0:00,13.6,11.6
Carrasco ,7/28/2018 0:00,12.5,11
Carrasco ,7/29/2018 0:00,11.2,10
Carrasco ,7/30/2018 0:00,14.4,7.2
Carrasco ,7/31/2018 0:00,10.4,3.2
Carrasco ,8/1/2018 0:00,11,0.4
Carrasco ,8/2/2018 0:00,11,-0.4
Carrasco ,8/3/2018 0:00,15.5,9
Carrasco ,8/4/2018 0:00,12.2,7.2
Carrasco ,8/5/2018 0:00,16,6.2
Carrasco ,8/6/2018 0:00,19,6.2
Carrasco ,8/7/2018 0:00,21.3,10.6
Carrasco ,8/8/2018 0:00,15.6,9.2
Carrasco ,8/9/2018 0:00,12.4,9.2
Carrasco ,8/10/2018 0:00,11,8.6
Carrasco ,8/11/2018 0:00,14.8,10.6
Carrasco ,8/12/2018 0:00,17.8,9
Carrasco ,8/13/2018 0:00,19.2,11.4
Carrasco ,8/14/2018 0:00,15.7,11.2
Carrasco ,8/15/2018 0:00,12.6,8.5
Carrasco ,8/16/2018 0:00,17.8,4.8
Carrasco ,8/17/2018 0:00,21.6,9.2
Carrasco ,8/18/2018 0:00,25,10.2
Carrasco ,8/19/2018 0:00,11.4,5.8
Carrasco ,8/20/2018 0:00,10.2,6.9
Carrasco ,8/23/2018 0:00,16.6,5.4
Carrasco ,8/24/2018 0:00,11.8,8.4
Carrasco ,8/25/2018 0:00,11.3,4.5
Carrasco ,8/26/2018 0:00,18,2.8
Carrasco ,8/27/2018 0:00,21,7.8
Carrasco ,8/28/2018 0:00,22.1,6.6
Carrasco ,8/29/2018 0:00,25,11.7
Carrasco ,8/30/2018 0:00,19,7.8
Carrasco ,8/31/2018 0:00,10.2,8.2
Carrasco ,9/1/2018 0:00,13.4,9.4
Carrasco ,9/2/2018 0:00,15,10.6
Carrasco ,9/3/2018 0:00,17,9.4
Carrasco ,9/4/2018 0:00,19.2,4.2
Carrasco ,9/5/2018 0:00,21.2,7.9
Carrasco ,9/6/2018 0:00,24.2,10
Carrasco ,9/7/2018 0:00,19.6,13
Carrasco ,9/8/2018 0:00,15.7,12.6
Carrasco ,9/9/2018 0:00,15.8,11.8
Carrasco ,9/10/2018 0:00,14.4,11.9
Carrasco ,9/11/2018 0:00,18.2,9
Carrasco ,9/12/2018 0:00,20,9.6
Carrasco ,9/13/2018 0:00,18.6,11.4
Carrasco ,9/14/2018 0:00,15.6,12.7
Carrasco ,9/15/2018 0:00,20.7,13.2
Carrasco ,9/16/2018 0:00,20.7,16
Carrasco ,9/17/2018 0:00,21.1,14.7
Carrasco ,9/18/2018 0:00,22.8,15.8
Carrasco ,9/19/2018 0:00,20,12.4
Carrasco ,9/20/2018 0:00,21,8.6
Carrasco ,9/21/2018 0:00,26.3,11.8
Carrasco ,9/22/2018 0:00,29.1,16.2
Carrasco ,9/23/2018 0:00,20.2,15.2
Carrasco ,9/24/2018 0:00,20.1,9.5
Carrasco ,9/25/2018 0:00,22.2,11.2
Carrasco ,9/26/2018 0:00,18.5,14.6
Carrasco ,9/27/2018 0:00,18,14.1
Carrasco ,9/28/2018 0:00,19.6,13.2
Carrasco ,9/29/2018 0:00,19.5,14.2
Carrasco ,9/30/2018 0:00,20,12.8
Carrasco ,10/1/2018 0:00,15.4,11.6
Carrasco ,10/2/2018 0:00,15.2,4.8
Carrasco ,10/3/2018 0:00,19.6,7.8
Carrasco ,10/4/2018 0:00,16.6,8.7
Carrasco ,10/5/2018 0:00,14.5,9.3
Carrasco ,10/6/2018 0:00,18,5.3
Carrasco ,10/7/2018 0:00,23,10
Carrasco ,10/8/2018 0:00,28.6,15
Carrasco ,10/9/2018 0:00,23.4,13.2
Carrasco ,10/10/2018 0:00,19.4,9.5
Carrasco ,10/11/2018 0:00,14.3,10.4
Carrasco ,10/12/2018 0:00,13.2,10.2
Carrasco ,10/13/2018 0:00,19.6,11
Carrasco ,10/14/2018 0:00,23.8,9.8
Carrasco ,10/15/2018 0:00,26.4,11.8
Carrasco ,10/16/2018 0:00,27.2,13.2
Carrasco ,10/17/2018 0:00,28.2,18
Carrasco ,10/18/2018 0:00,20.6,16.2
Carrasco ,10/19/2018 0:00,19,15.2
Carrasco ,10/20/2018 0:00,19.1,11.2
Carrasco ,10/21/2018 0:00,21.4,11.8
Carrasco ,10/22/2018 0:00,21,11.4
Carrasco ,10/23/2018 0:00,16.8,11.8
Carrasco ,10/24/2018 0:00,16.6,12.3
Carrasco ,10/25/2018 0:00,18.2,13.4
Carrasco ,10/26/2018 0:00,20.3,12.8
Carrasco ,10/27/2018 0:00,20,15.4
Carrasco ,10/28/2018 0:00,19.7,10.2
Carrasco ,10/29/2018 0:00,21,14.7
Carrasco ,10/30/2018 0:00,26.3,16
Carrasco ,10/31/2018 0:00,21.1,14.1
Carrasco ,11/1/2018 0:00,20.6,11.7
Carrasco ,11/2/2018 0:00,15.3,8.4
Carrasco ,11/3/2018 0:00,17.8,10.2
Carrasco ,11/4/2018 0:00,21,12.4
Carrasco ,11/5/2018 0:00,23.6,14.8
Carrasco ,11/6/2018 0:00,25,14.1
Carrasco ,11/7/2018 0:00,22,15
Carrasco ,11/8/2018 0:00,20.8,11.6
Carrasco ,11/9/2018 0:00,29.3,17.4
Carrasco ,11/10/2018 0:00,33.5,18.8
Carrasco ,11/11/2018 0:00,21.8,18.2
Carrasco ,11/12/2018 0:00,23.4,19.2
Carrasco ,11/13/2018 0:00,27.4,20.8
Carrasco ,11/14/2018 0:00,25.8,17.9
Carrasco ,11/15/2018 0:00,25,15.8
Carrasco ,11/16/2018 0:00,27.6,13.6
Carrasco ,11/17/2018 0:00,21,12.6
Carrasco ,11/18/2018 0:00,26,16.1
Carrasco ,11/19/2018 0:00,20.6,11.2
Carrasco ,11/20/2018 0:00,27,14.2
Carrasco ,11/21/2018 0:00,29.6,17.4
Carrasco ,11/22/2018 0:00,33,18.8
Carrasco ,11/23/2018 0:00,32.9,17
Carrasco ,11/24/2018 0:00,17.9,16.1
Carrasco ,11/25/2018 0:00,19.8,13.9
Carrasco ,11/26/2018 0:00,21.6,15.5
Carrasco ,11/27/2018 0:00,27,16.6
Carrasco ,11/28/2018 0:00,25,15.6
Carrasco ,11/29/2018 0:00,18.4,17.2
Carrasco ,11/30/2018 0:00,20.8,17.3
Carrasco ,12/1/2018 0:00,18.6,14.4
Carrasco ,12/2/2018 0:00,17,12.6
Carrasco ,12/3/2018 0:00,22.5,9.3
Carrasco ,12/4/2018 0:00,20.2,14.8
Carrasco ,12/5/2018 0:00,20,16.2
Carrasco ,12/6/2018 0:00,20.6,14
Carrasco ,12/7/2018 0:00,17.4,11.4
Carrasco ,12/8/2018 0:00,25.4,8.2
Carrasco ,12/9/2018 0:00,30,13.6
Carrasco ,12/10/2018 0:00,30.7,15.4
Carrasco ,12/11/2018 0:00,23.6,19.6
Carrasco ,12/12/2018 0:00,26,18.9
Carrasco ,12/13/2018 0:00,22.8,14.4
Carrasco ,12/14/2018 0:00,25.4,13.2
Carrasco ,12/15/2018 0:00,24.6,14.6
Carrasco ,12/16/2018 0:00,31.4,14.4
Carrasco ,12/17/2018 0:00,,18.6
Carrasco ,12/18/2018 0:00,20.5,17.4
Carrasco ,12/19/2018 0:00,25.2,16.6
Carrasco ,12/20/2018 0:00,25.3,19.6
Carrasco ,12/21/2018 0:00,26.5,18.5
Carrasco ,12/22/2018 0:00,23.2,19.2
Carrasco ,12/23/2018 0:00,25.4,14.2
Carrasco ,12/24/2018 0:00,28.8,16.4
Carrasco ,12/25/2018 0:00,29,18
Carrasco ,12/26/2018 0:00,29,18.6
Carrasco ,12/27/2018 0:00,31.7,20
Carrasco ,12/28/2018 0:00,26.7,21.6
Carrasco ,12/29/2018 0:00,28.8,21
Carrasco ,12/30/2018 0:00,25.5,17.4
Carrasco ,12/31/2018 0:00,24.2,17.7
Carrasco ,1/1/2019 0:00,31.4,18.2
Carrasco ,1/2/2019 0:00,28.8,21.8
Carrasco ,1/3/2019 0:00,24.7,15.9
Carrasco ,1/4/2019 0:00,27.4,12.4
Carrasco ,1/5/2019 0:00,29,15.2
Carrasco ,1/6/2019 0:00,31.8,19.4
Carrasco ,1/7/2019 0:00,24.7,19.4
Carrasco ,1/8/2019 0:00,30.6,18.9
Carrasco ,1/9/2019 0:00,29.7,21.2
Carrasco ,1/10/2019 0:00,22.4,18.8
Carrasco ,1/11/2019 0:00,21.5,15.6
Carrasco ,1/12/2019 0:00,27,15.4
Carrasco ,1/13/2019 0:00,25.2,19.2
Carrasco ,1/14/2019 0:00,24.2,20.9
Carrasco ,1/15/2019 0:00,22.2,20.9
Carrasco ,1/16/2019 0:00,26.5,20.6
Carrasco ,1/17/2019 0:00,22.9,18.2
Carrasco ,1/18/2019 0:00,20.8,17.5
Carrasco ,1/19/2019 0:00,22.5,18.3
Carrasco ,1/20/2019 0:00,24.6,15
Carrasco ,1/21/2019 0:00,28.8,15.8
Carrasco ,1/22/2019 0:00,32.2,18.8
Carrasco ,1/23/2019 0:00,26.3,21.1
Carrasco ,1/24/2019 0:00,27.9,19
Carrasco ,1/25/2019 0:00,28,17.7
Carrasco ,1/26/2019 0:00,29.8,23.6
Carrasco ,1/27/2019 0:00,29.4,22.6
Carrasco ,1/28/2019 0:00,34.4,24.2
Carrasco ,1/29/2019 0:00,35.1,23.6
Carrasco ,1/30/2019 0:00,29,22.8
Carrasco ,1/31/2019 0:00,25.4,21.4
Carrasco ,2/1/2019 0:00,31.2,19.8
Carrasco ,2/2/2019 0:00,25,18.4
Carrasco ,2/3/2019 0:00,23.2,18.5
Carrasco ,2/4/2019 0:00,23.4,13.6
Carrasco ,2/5/2019 0:00,25,12.8
Carrasco ,2/6/2019 0:00,28.5,16.9
Carrasco ,2/7/2019 0:00,31,19.2
Carrasco ,2/8/2019 0:00,32,20.2
Carrasco ,2/9/2019 0:00,32,19.1
Carrasco ,2/10/2019 0:00,34,20
Carrasco ,2/11/2019 0:00,24.4,18.6
Carrasco ,2/12/2019 0:00,20.3,12
Carrasco ,2/13/2019 0:00,22,10.6
Carrasco ,2/14/2019 0:00,21.4,16.3
Carrasco ,2/15/2019 0:00,24.6,15.8
Carrasco ,2/16/2019 0:00,27.5,14.8
Carrasco ,2/17/2019 0:00,28.6,16.4
Carrasco ,2/18/2019 0:00,30.4,19.4
Carrasco ,2/19/2019 0:00,32.6,19.5
Carrasco ,2/20/2019 0:00,34.4,22.3
Carrasco ,2/21/2019 0:00,33,23.4
Carrasco ,2/22/2019 0:00,31.4,22.4
Carrasco ,2/23/2019 0:00,26.4,20.8
Carrasco ,2/24/2019 0:00,24,15.9
Carrasco ,2/25/2019 0:00,20,13.8
Carrasco ,2/26/2019 0:00,19.9,11.8
Carrasco ,2/27/2019 0:00,24.6,10.6
Carrasco ,2/28/2019 0:00,20.9,14
Carrasco ,3/1/2019 0:00,30,11.4
Carrasco ,3/2/2019 0:00,23.5,17.7
Carrasco ,3/3/2019 0:00,22.9,12.4
Carrasco ,3/4/2019 0:00,25.5,18
Carrasco ,3/5/2019 0:00,25.5,15.7
Carrasco ,3/6/2019 0:00,32.8,18
Carrasco ,3/7/2019 0:00,32.4,21.2
Carrasco ,3/8/2019 0:00,21.4,16.8
Carrasco ,3/9/2019 0:00,21.5,16.8
Carrasco ,3/10/2019 0:00,21.6,15.4
Carrasco ,3/11/2019 0:00,23.7,12.2
Carrasco ,3/12/2019 0:00,22.2,17
Carrasco ,3/13/2019 0:00,21,17.1
Carrasco ,3/14/2019 0:00,24.5,19.2
Carrasco ,3/15/2019 0:00,24,20
Carrasco ,3/16/2019 0:00,24.2,20.2
Carrasco ,3/17/2019 0:00,25.6,19.9
Carrasco ,3/18/2019 0:00,25.6,19.2
Carrasco ,3/19/2019 0:00,20.8,17.1
Carrasco ,3/20/2019 0:00,19.4,14
Carrasco ,3/21/2019 0:00,19,13.7
Carrasco ,3/22/2019 0:00,22,9.8
Carrasco ,3/23/2019 0:00,25.4,13.8
Carrasco ,3/24/2019 0:00,20.2,15.2
Carrasco ,3/25/2019 0:00,19.6,15.4
Carrasco ,3/26/2019 0:00,20.8,15.7
Carrasco ,3/27/2019 0:00,21,14
Carrasco ,3/28/2019 0:00,24.5,14.2
Carrasco ,3/29/2019 0:00,25,16.8
Carrasco ,3/30/2019 0:00,27.1,19
Carrasco ,3/31/2019 0:00,22.7,17
Carrasco ,4/1/2019 0:00,24.4,16.2
Carrasco ,4/2/2019 0:00,29.6,18.6
Carrasco ,4/3/2019 0:00,23.6,17.4
Carrasco ,4/4/2019 0:00,29,15.5
Carrasco ,4/5/2019 0:00,19.6,15.8
Carrasco ,4/6/2019 0:00,20.9,10.6
Carrasco ,4/7/2019 0:00,23.5,10.2
Carrasco ,4/8/2019 0:00,24.6,11.6
Carrasco ,4/9/2019 0:00,25.6,13.8
Carrasco ,4/10/2019 0:00,26.1,15.8
Carrasco ,4/11/2019 0:00,20.4,15.3
Carrasco ,4/12/2019 0:00,18.3,13
Carrasco ,4/13/2019 0:00,24.5,8.4
Carrasco ,4/14/2019 0:00,23.8,15.3
Carrasco ,4/15/2019 0:00,19.5,16.8
Carrasco ,4/16/2019 0:00,21.1,12.5
Carrasco ,4/17/2019 0:00,24.3,11.3
Carrasco ,4/18/2019 0:00,24.8,11.2
Carrasco ,4/19/2019 0:00,26.6,12.5
Carrasco ,4/20/2019 0:00,20.4,16
Carrasco ,4/21/2019 0:00,18.4,11
Carrasco ,4/22/2019 0:00,17.8,10.2
Carrasco ,4/23/2019 0:00,17.8,8.1
Carrasco ,4/24/2019 0:00,20.6,14.8
Carrasco ,4/25/2019 0:00,20.4,16.8
Carrasco ,4/26/2019 0:00,19,15.8
Carrasco ,4/27/2019 0:00,19,17
Carrasco ,4/28/2019 0:00,20.5,13.5
Carrasco ,4/29/2019 0:00,22.6,11.2
Carrasco ,4/30/2019 0:00,18.5,11.7
Carrasco ,5/1/2019 0:00,19.8,5.9
Carrasco ,5/2/2019 0:00,24.4,12
Carrasco ,5/3/2019 0:00,23,13.2
Carrasco ,5/4/2019 0:00,19.4,14
Carrasco ,5/5/2019 0:00,20.6,17.1
Carrasco ,5/6/2019 0:00,18.4,13.6
Carrasco ,5/7/2019 0:00,16.8,12.4
Carrasco ,5/8/2019 0:00,18.4,12.6
Carrasco ,5/9/2019 0:00,21.6,14.8
Carrasco ,5/10/2019 0:00,20,12.8
Carrasco ,5/11/2019 0:00,16.4,10.8
Carrasco ,5/12/2019 0:00,21,7.2
Carrasco ,5/13/2019 0:00,21.3,9.4
Carrasco ,5/14/2019 0:00,18.3,12.4
Carrasco ,5/15/2019 0:00,20.5,9.2
Carrasco ,5/16/2019 0:00,22.4,10.8
Carrasco ,5/17/2019 0:00,23,14.9
Carrasco ,5/18/2019 0:00,24.3,15.2
Carrasco ,5/19/2019 0:00,19.3,14
Carrasco ,5/20/2019 0:00,17,14
Carrasco ,5/21/2019 0:00,16.2,13.6
Carrasco ,5/22/2019 0:00,18,14.4
Carrasco ,5/23/2019 0:00,16.2,8
Carrasco ,5/24/2019 0:00,18.7,6
Carrasco ,5/25/2019 0:00,18.6,7.2
Carrasco ,5/26/2019 0:00,19,8.4
Carrasco ,5/27/2019 0:00,16.8,11
Carrasco ,5/28/2019 0:00,16.8,9.3
Carrasco ,5/29/2019 0:00,14.8,5.7
Carrasco ,5/30/2019 0:00,12.6,9.4
Carrasco ,5/31/2019 0:00,16.1,10.4
Carrasco ,6/1/2019 0:00,19,7.6
Carrasco ,6/2/2019 0:00,17.8,9.1
Carrasco ,6/3/2019 0:00,16.8,6.6
Carrasco ,6/4/2019 0:00,17.5,5
Carrasco ,6/5/2019 0:00,18.8,9.6
Carrasco ,6/6/2019 0:00,19.6,11
Carrasco ,6/7/2019 0:00,16.9,7.5
Carrasco ,6/8/2019 0:00,18.2,5.4
Carrasco ,6/9/2019 0:00,21.2,4.6
Carrasco ,6/10/2019 0:00,18.6,12.4
Carrasco ,6/11/2019 0:00,16,13.2
Carrasco ,6/12/2019 0:00,21,15.2
Carrasco ,6/13/2019 0:00,21.2,15.4
Carrasco ,6/14/2019 0:00,19.5,13.5
Carrasco ,6/15/2019 0:00,14.6,12.6
Carrasco ,6/16/2019 0:00,16,14.8
Carrasco ,6/17/2019 0:00,20.2,15.9
Carrasco ,6/18/2019 0:00,19.4,10.2
Carrasco ,6/19/2019 0:00,15.2,10.2
Carrasco ,6/20/2019 0:00,16.5,9.1
Carrasco ,6/21/2019 0:00,17.4,6.8
Carrasco ,6/22/2019 0:00,19.8,14.6
Carrasco ,6/23/2019 0:00,23,15.3
Carrasco ,6/24/2019 0:00,16.8,13
Carrasco ,6/25/2019 0:00,20.2,8.8
Carrasco ,6/26/2019 0:00,13.6,2.2
Carrasco ,6/27/2019 0:00,14.8,3.6
Carrasco ,6/28/2019 0:00,14.8,8.2
Carrasco ,6/29/2019 0:00,14.6,13.2
Carrasco ,6/30/2019 0:00,13.6,9.3
Carrasco ,7/1/2019 0:00,9.9,4.2
Carrasco ,7/2/2019 0:00,12.6,6
Carrasco ,7/3/2019 0:00,9,5.6
Carrasco ,7/4/2019 0:00,8.8,5.4
Carrasco ,7/5/2019 0:00,8.6,5.8
Carrasco ,7/6/2019 0:00,9.2,3
Carrasco ,7/7/2019 0:00,11.8,-0.6
Carrasco ,7/8/2019 0:00,14.6,3
Carrasco ,7/9/2019 0:00,17.9,6.2
Carrasco ,7/10/2019 0:00,15.6,11.1
Carrasco ,7/11/2019 0:00,18.6,9.3
Carrasco ,7/12/2019 0:00,15.8,10.4
Carrasco ,7/13/2019 0:00,11.3,6.3
Carrasco ,7/14/2019 0:00,11.5,5.8
Carrasco ,7/15/2019 0:00,14,4
Carrasco ,7/16/2019 0:00,14,1.1
Carrasco ,7/17/2019 0:00,17,4
Carrasco ,7/18/2019 0:00,17.1,8.7
Carrasco ,7/19/2019 0:00,20.1,8.9
Carrasco ,7/20/2019 0:00,21,10.7
Carrasco ,7/21/2019 0:00,26.8,12.8
Carrasco ,7/22/2019 0:00,13.2,10.9
Carrasco ,7/23/2019 0:00,12.4,9
Carrasco ,7/24/2019 0:00,11.7,8
Carrasco ,7/25/2019 0:00,12.2,9.6
Carrasco ,7/26/2019 0:00,13,11.5
Carrasco ,7/27/2019 0:00,14,8.2
Carrasco ,7/28/2019 0:00,14,1
Carrasco ,7/29/2019 0:00,14.7,7.6
Carrasco ,7/30/2019 0:00,15,7.8
Carrasco ,7/31/2019 0:00,20,7.8
Carrasco ,8/1/2019 0:00,16,8.6
Carrasco ,8/2/2019 0:00,11.1,8
Carrasco ,8/3/2019 0:00,11.2,5.6
Carrasco ,8/4/2019 0:00,16.8,1.6
Carrasco ,8/5/2019 0:00,18.2,3.4
Carrasco ,8/6/2019 0:00,22.7,8.1
Carrasco ,8/7/2019 0:00,13.8,10.2
Carrasco ,8/8/2019 0:00,12.1,10.4
Carrasco ,8/9/2019 0:00,10.6,9
Carrasco ,8/10/2019 0:00,14.2,6.8
Carrasco ,8/11/2019 0:00,17,5
Carrasco ,8/12/2019 0:00,12.5,6
Carrasco ,8/13/2019 0:00,8.4,5.8
Carrasco ,8/14/2019 0:00,9.7,6.2
Carrasco ,8/15/2019 0:00,15.8,3.4
Carrasco ,8/16/2019 0:00,21.2,10.2
Carrasco ,8/17/2019 0:00,15.6,9.4
Carrasco ,8/18/2019 0:00,10.2,6.2
Carrasco ,8/19/2019 0:00,7.7,5.8
Carrasco ,8/20/2019 0:00,8.5,6.1
Carrasco ,8/21/2019 0:00,10,7
Carrasco ,8/22/2019 0:00,12,5
Carrasco ,8/23/2019 0:00,15.7,1.2
Carrasco ,8/24/2019 0:00,18.4,6.2
Carrasco ,8/25/2019 0:00,19,10.1
Carrasco ,8/26/2019 0:00,20.4,13.8
Carrasco ,8/27/2019 0:00,20,9.2
Carrasco ,8/28/2019 0:00,26,13.1
Carrasco ,8/29/2019 0:00,20.5,12.2
Carrasco ,8/30/2019 0:00,13.2,10.2
Carrasco ,8/31/2019 0:00,15.6,4.6
Carrasco ,9/1/2019 0:00,12.4,5.4
Carrasco ,9/2/2019 0:00,13.7,2.8
Carrasco ,9/3/2019 0:00,9.8,3.2
Carrasco ,9/4/2019 0:00,10.1,3.2
Carrasco ,9/5/2019 0:00,9.4,6
Carrasco ,9/6/2019 0:00,14.3,8.2
Carrasco ,9/7/2019 0:00,18.1,10.7
Carrasco ,9/8/2019 0:00,13.4,8.9
Carrasco ,9/9/2019 0:00,12.5,10.2
Carrasco ,9/10/2019 0:00,13.2,10
Carrasco ,9/11/2019 0:00,12.2,9.3
Carrasco ,9/12/2019 0:00,13.8,7.5
Carrasco ,9/13/2019 0:00,14.9,5.6
Carrasco ,9/14/2019 0:00,19.9,7.4
Carrasco ,9/15/2019 0:00,20.5,13.7
Carrasco ,9/16/2019 0:00,15,7.2
Carrasco ,9/17/2019 0:00,20,4.7
Carrasco ,9/18/2019 0:00,14.5,8.4
Carrasco ,9/19/2019 0:00,20.6,10.6
Carrasco ,9/20/2019 0:00,18.4,4.1
Carrasco ,9/21/2019 0:00,21.3,5.6
Carrasco ,9/22/2019 0:00,14.6,5.8
Carrasco ,9/23/2019 0:00,20.5,4.3
Carrasco ,9/24/2019 0:00,23.7,7.9
Carrasco ,9/25/2019 0:00,26.2,10.6
Carrasco ,9/26/2019 0:00,19.4,9.2
Carrasco ,9/27/2019 0:00,16.6,11
Carrasco ,9/28/2019 0:00,22,9.4
Carrasco ,9/29/2019 0:00,27.1,11.6
Carrasco ,9/30/2019 0:00,27.2,14.1
Carrasco ,10/1/2019 0:00,14.6,12.2
Carrasco ,10/2/2019 0:00,13.2,11.4
Carrasco ,10/3/2019 0:00,13,8.8
Carrasco ,10/4/2019 0:00,14.3,12.6
Carrasco ,10/5/2019 0:00,14.5,8.9
Carrasco ,10/6/2019 0:00,18.8,3.6
Carrasco ,10/7/2019 0:00,23.1,10
Carrasco ,10/8/2019 0:00,23.5,9.8
Carrasco ,10/9/2019 0:00,25.7,11.6
Carrasco ,10/10/2019 0:00,27.9,14.8
Carrasco ,10/11/2019 0:00,22.2,16.2
Carrasco ,10/12/2019 0:00,18,16.3
Carrasco ,10/13/2019 0:00,16.4,10
Carrasco ,10/14/2019 0:00,11,9.4
Carrasco ,10/15/2019 0:00,13.4,10.8
Carrasco ,10/16/2019 0:00,17.5,12.8
Carrasco ,10/17/2019 0:00,16.9,15.1
Carrasco ,10/18/2019 0:00,19.9,13
Carrasco ,10/19/2019 0:00,16.8,9.2
Carrasco ,10/20/2019 0:00,15,7.6
Carrasco ,10/21/2019 0:00,15.5,9.6
Carrasco ,10/22/2019 0:00,19.9,8
Carrasco ,10/23/2019 0:00,18.3,9.7
Carrasco ,10/24/2019 0:00,20.2,8.4
Carrasco ,10/25/2019 0:00,25.6,12.3
Carrasco ,10/26/2019 0:00,29,14.9
Carrasco ,10/27/2019 0:00,23.9,18.6
Carrasco ,10/28/2019 0:00,23,17.8
Carrasco ,10/29/2019 0:00,17.6,15.6
Carrasco ,10/30/2019 0:00,19,15.6
Carrasco ,10/31/2019 0:00,19.5,15
Carrasco ,11/1/2019 0:00,23.8,13.8
Carrasco ,11/2/2019 0:00,23,16.5
Carrasco ,11/3/2019 0:00,20.8,15
Carrasco ,11/4/2019 0:00,21,14.8
Carrasco ,11/5/2019 0:00,21.9,14.4
Carrasco ,11/6/2019 0:00,25.6,11.2
Carrasco ,11/7/2019 0:00,27.9,13.5
Carrasco ,11/8/2019 0:00,19.1,15.3
Carrasco ,11/9/2019 0:00,21.3,15.8
Carrasco ,11/10/2019 0:00,21,16
Carrasco ,11/11/2019 0:00,22.6,13.6
Carrasco ,11/12/2019 0:00,25.4,14.9
Carrasco ,11/13/2019 0:00,27.2,19
Carrasco ,11/14/2019 0:00,24,17.2
Carrasco ,11/15/2019 0:00,23.8,14
Carrasco ,11/16/2019 0:00,25.1,16
Carrasco ,11/17/2019 0:00,30.9,15
Carrasco ,11/18/2019 0:00,31.9,19.4
Carrasco ,11/19/2019 0:00,25.3,17.4
Carrasco ,11/20/2019 0:00,33.6,19
Carrasco ,11/21/2019 0:00,29.4,20.2
Carrasco ,11/22/2019 0:00,23.6,15.7
Carrasco ,11/23/2019 0:00,20.5,15.7
Carrasco ,11/24/2019 0:00,22.2,13.4
Carrasco ,11/25/2019 0:00,24,15
Carrasco ,11/26/2019 0:00,21.8,18
Carrasco ,11/27/2019 0:00,25.2,12.2
Carrasco ,11/28/2019 0:00,26.7,14
Carrasco ,11/29/2019 0:00,30.4,16.7
Carrasco ,11/30/2019 0:00,27.1,16.5
Carrasco ,12/1/2019 0:00,19.9,15.6
Carrasco ,12/2/2019 0:00,20.4,14.4
Carrasco ,12/3/2019 0:00,26.8,11.7
Carrasco ,12/4/2019 0:00,25.2,12.8
Carrasco ,12/5/2019 0:00,18.5,13.2
Carrasco ,12/6/2019 0:00,23.9,12.7
Carrasco ,12/7/2019 0:00,20,11.8
Carrasco ,12/8/2019 0:00,30.8,11.3
Carrasco ,12/9/2019 0:00,29.1,17
Carrasco ,12/10/2019 0:00,34.9,20.2
Carrasco ,12/11/2019 0:00,33.4,20.2
Carrasco ,12/12/2019 0:00,24.5,17.9
Carrasco ,12/13/2019 0:00,22.2,14
Carrasco ,12/14/2019 0:00,31.2,14.1
Carrasco ,12/15/2019 0:00,23,17.8
Carrasco ,12/16/2019 0:00,24.4,14.6
Carrasco ,12/17/2019 0:00,25.3,16.4
Carrasco ,12/18/2019 0:00,33,14.9
Carrasco ,12/19/2019 0:00,29.4,18.2
Carrasco ,12/20/2019 0:00,30.5,20.5
Carrasco ,12/21/2019 0:00,20.1,15.7
Carrasco ,12/22/2019 0:00,19.8,14.9
Carrasco ,12/23/2019 0:00,27.8,10.4
Carrasco ,12/24/2019 0:00,33.8,14.5
Carrasco ,12/25/2019 0:00,25,16.5
Carrasco ,12/26/2019 0:00,23.8,18.1
Carrasco ,12/27/2019 0:00,28.4,22
Carrasco ,12/28/2019 0:00,30.5,21.8
Carrasco ,12/29/2019 0:00,28,22.2
Carrasco ,12/30/2019 0:00,25.4,22
Carrasco ,12/31/2019 0:00,26.4,21.1